Assembly.Accession	Assembly.Level	Strain	Attribute	Organism.Name	ANI.Best.ANI.match.ANI	ANI.Best.ANI.match.Assembly	ANI.Best.ANI.match.Assembly.Coverage	ANI.Best.ANI.match.Type.Category	ANI.Best.ANI.match.Organism	ANI.Best.ANI.match.Type.Assembly.Coverage	ANI.Best.match.status	ANI.Category	ANI.Check.status	ANI.Comment	ANI.Declared.ANI.match.ANI	ANI.Declared.ANI.match.Assembly	ANI.Declared.ANI.match.Assembly.Coverage	ANI.Declared.ANI.match.Type.Category	ANI.Declared.ANI.match.Organism	ANI.Declared.ANI.match.Type.Assembly.Coverage	ANI.Submitted.organism	ANI.Submitted.species	CheckM.completeness	CheckM.completeness.percentile	CheckM.contamination	CheckM.marker.set	CheckM.marker.set.rank	CheckM.species.tax.id	CheckM.version	Accession	Collected.by	Collection.date	Description.Comment	Description.Organism.Name	Description.Organism.Taxonomic.ID	Description.Title	Geographic.location	Host	Host.disease	Isolation.source	Last.updated	Latitude./.Longitude	Serovar	Owner.Name	Assembly.BioProject.Accession	find	source	Patotype	Phylogroup
GCF_000007445.1	Complete Genome	CFT073	strain : CFT073	Escherichia coli CFT073	99.02	GCA_000013265.1	88.89	claderef	Escherichia coli	89.78	species_match	category_na	OK	na	99.02	GCA_000013265.1	88.89	claderef	Escherichia coli UTI89	89.78	Escherichia coli CFT073	Escherichia coli	97.28	5.9219704	0.41	Escherichia coli	species	562	v1.2.2	SAMN02604094	NA	NA	NA	Escherichia coli CFT073	199310	Sample from Escherichia coli CFT073	NA	NA	NA	NA	2015-05-18T13:20:05Z	NA	NA	NCBI	PRJNA313	TRUE	reference	UPEC	B2
GCF_000010385.1	Complete Genome	SE11	sample_name : AP009240-AP009246; strain : SE11	Escherichia coli SE11	98.9	GCA_000263895.1	86.71	claderef	Escherichia coli	84.98	species_match	claderef	OK	na	98.9	GCA_000263895.1	86.71	claderef	Escherichia coli O103:H25 str. CVM9340	84.98	Escherichia coli SE11	Escherichia coli	99.52	94.8286	0.21	Escherichia coli	species	562	v1.2.2	SAMD00061087	NA	NA	NA	Escherichia coli SE11	409438	Generic sample from Escherichia coli SE11	NA	NA	NA	NA	2016-09-26T20:10:59Z	NA	NA	DDBJ	PRJNA18057	TRUE	reference	Comensal	B1
GCF_000010485.1	Complete Genome	SE15	sample_name : AP009378-AP009379; strain : SE15	Escherichia coli SE15	99.56	GCA_024519395.1	95.73	neotype	Escherichia coli	86.67	species_match	category_na	OK	na	99.56	GCA_024519395.1	95.73	neotype	Escherichia coli DSM 30083 = JCM 1649 = ATCC 11775	86.67	Escherichia coli SE15	Escherichia coli	98.7	30.204433	0.51	Escherichia coli	species	562	v1.2.2	SAMD00060923	NA	NA	NA	Escherichia coli SE15	431946	Generic sample from Escherichia coli SE15	NA	NA	NA	NA	2016-09-26T20:10:59Z	NA	NA	DDBJ	PRJDA19053	TRUE	reference	Comensal	B2
GCF_000010745.1	Complete Genome	12009	sample_name : AP010958-AP010959; serovar : O103:H2; strain : 12009	Escherichia coli O103:H2 str. 12009	99.03	GCA_000010385.1	82.63	claderef	Escherichia coli	88.55	species_match	category_na	OK	na	99.03	GCA_000010385.1	82.63	claderef	Escherichia coli SE11	88.55	Escherichia coli O103:H2 str. 12009	Escherichia coli	99.56	99.959625	0.15	Escherichia coli	species	562	v1.2.2	SAMD00060956	NA	NA	NA	Escherichia coli O103:H2 str. 12009	585395	Generic sample from Escherichia coli O103:H2 str. 12009	NA	NA	NA	NA	2016-09-26T20:10:59Z	NA	O103:H2	DDBJ	PRJDA32511	TRUE	reference	EHEC	B1
GCF_000010765.1	Complete Genome	11128	sample_name : AP010960-AP010965; serovar : O111:H-; strain : 11128	Escherichia coli O111:H- str. 11128	98.96	GCA_000263895.1	81.81	claderef	Escherichia coli	89.68	species_match	category_na	OK	na	98.96	GCA_000263895.1	81.81	claderef	Escherichia coli O103:H25 str. CVM9340	89.68	Escherichia coli O111:H_ str. 11128	Escherichia coli	99.08	57.103794	1.19	Escherichia coli	species	562	v1.2.2	SAMD00060957	NA	NA	NA	Escherichia coli O111:H- str. 11128	585396	Generic sample from Escherichia coli O111:H- str. 11128	NA	NA	NA	NA	2016-09-26T20:10:59Z	NA	O111:H-	DDBJ	PRJDA32513	TRUE	reference	EHEC	B1
GCF_000013265.1	Complete Genome	UTI89	strain : UTI89	Escherichia coli UTI89	99.72	GCA_003697165.2	91.48	neotype	Escherichia coli	94.12	species_match	claderef	OK	na	99.72	GCA_003697165.2	91.48	neotype	Escherichia coli DSM 30083 = JCM 1649 = ATCC 11775	94.12	Escherichia coli UTI89	Escherichia coli	99.22	68.121925	0.21	Escherichia coli	species	562	v1.2.2	SAMN00000110	NA	NA	none provided	Escherichia coli UTI89	364106	Escherichia coli UTI89 genomic isolate	NA	NA	NA	NA	2014-02-25T11:13:59Z	NA	NA	Washington University, Genome Sequencing Center	PRJNA16259	TRUE	reference	UPEC	B2
GCF_000017745.1	Complete Genome	E24377A	strain : E24377A	Escherichia coli O139:H28 str. E24377A	99.14	GCA_000010385.1	87.07	claderef	Escherichia coli	88.65	species_match	category_na	OK	na	99.14	GCA_000010385.1	87.07	claderef	Escherichia coli SE11	88.65	Escherichia coli O139:H28 str. E24377A	Escherichia coli	98.83	36.12824	0.42	Escherichia coli	species	562	v1.2.2	SAMN02604038	NA	NA	NA	Escherichia coli O139:H28 str. E24377A	331111	Sample from Escherichia coli O139:H28 str. E24377A	NA	NA	NA	NA	2015-05-18T13:20:02Z	NA	NA	NCBI	PRJNA13960	TRUE	reference	ETEC	B1
GCF_000017765.1	Complete Genome	HS	strain : HS	Escherichia coli HS	98.98	GCA_000210475.1	91.63	claderef	Escherichia coli	79.89	species_match	category_na	OK	na	98.98	GCA_000210475.1	91.63	claderef	Escherichia coli ETEC H10407	79.89	Escherichia coli HS	Escherichia coli	98.14	13.436834	0.15	Escherichia coli	species	562	v1.2.2	SAMN02604037	NA	NA	NA	Escherichia coli HS	331112	Sample from Escherichia coli HS	NA	NA	NA	NA	2020-01-31T17:12:54Z	NA	NA	NCBI	PRJNA13959	TRUE	reference	Comensal	A
GCF_000025165.1	Complete Genome	CB9615	strain : CB9615; geo_loc_name : Germany; host : Homo sapiens; isolation_source : infant with diarrhea; note : ST11; serotype : O55:H7	Escherichia coli O55:H7 str. CB9615	99.6	GCA_001281725.1	90.51	claderef	Escherichia coli	93.12	species_match	category_na	OK	na	99.6	GCA_001281725.1	90.51	claderef	Escherichia coli	93.12	Escherichia coli O55:H7 str. CB9615	Escherichia coli	99.46	87.939514	0.15	Escherichia coli	species	562	v1.2.2	SAMN02603636	NA	NA	NA	Escherichia coli O55:H7 str. CB9615	701177	Sample from Escherichia coli O55:H7 str. CB9615	Germany	Homo sapiens	NA	infant with diarrhea	2015-05-18T13:19:36Z	NA	NA	NCBI	PRJNA42729	TRUE	reference	EPEC	E
GCF_000026265.1	Complete Genome	IAI1	Alias : GCA_000026265; Broker name : European Nucleotide Archive; ENA checklist : ERC000011; INSDC center alias : EBI; INSDC center name : European Bioinformatics Institute; INSDC first public : 2014-11-20T12:20:15Z; INSDC last update : 2014-11-20T11:47:18Z; INSDC status : public; SRA accession : ERS610165; sample_name : ERS610165; Title : BioSample entry for genome collection GCA_000026265; strain : IAI1	Escherichia coli IAI1	99.26	GCA_000010385.1	95.33	claderef	Escherichia coli	86.92	species_match	category_na	OK	na	99.26	GCA_000010385.1	95.33	claderef	Escherichia coli SE11	86.92	Escherichia coli IAI1	Escherichia coli	99.5	91.17669	0.29	Escherichia coli	species	562	v1.2.2	SAMEA3138230	NA	NA	NA	Escherichia coli IAI1	585034	GCA_000026265	NA	NA	NA	NA	2019-04-18T11:06:11Z	NA	NA	EBI	PRJNA33373	TRUE	reference	Comensal	B1
GCF_000026285.1	Complete Genome	S88	Alias : GCA_000026285; Broker name : European Nucleotide Archive; ENA checklist : ERC000011; INSDC center alias : EBI; INSDC center name : European Bioinformatics Institute; INSDC first public : 2014-11-20T12:20:15Z; INSDC last update : 2014-11-20T11:47:18Z; INSDC status : public; SRA accession : ERS610166; sample_name : ERS610166; Title : BioSample entry for genome collection GCA_000026285; strain : S88	Escherichia coli S88	99.92	GCA_003697165.2	97.06	neotype	Escherichia coli	99.59	species_match	category_na	OK	na	99.92	GCA_003697165.2	97.06	neotype	Escherichia coli DSM 30083 = JCM 1649 = ATCC 11775	99.59	Escherichia coli S88	Escherichia coli	99.07	56.149525	0.41	Escherichia coli	species	562	v1.2.2	SAMEA3138231	NA	NA	NA	Escherichia coli S88	585035	GCA_000026285	NA	NA	NA	NA	2019-04-18T11:06:11Z	NA	NA	EBI	PRJNA33375	TRUE	reference	NMEC	B2
GCF_000026345.1	Complete Genome	IAI39	Alias : GCA_000026345; Broker name : European Nucleotide Archive; ENA checklist : ERC000011; INSDC center alias : EBI; INSDC center name : European Bioinformatics Institute; INSDC first public : 2014-11-20T12:20:15Z; INSDC last update : 2014-11-20T11:47:18Z; INSDC status : public; SRA accession : ERS610169; sample_name : ERS610169; Title : BioSample entry for genome collection GCA_000026345; strain : IAI39	Escherichia coli IAI39	98.43	GCA_000019645.1	85.75	claderef	Escherichia coli	84.39	species_match	category_na	OK	na	98.43	GCA_000019645.1	85.75	claderef	Escherichia coli SMS_3_5	84.39	Escherichia coli IAI39	Escherichia coli	96.4	3.4060047	0.33	Escherichia coli	species	562	v1.2.2	SAMEA3138234	NA	NA	NA	Escherichia coli IAI39	585057	GCA_000026345	NA	NA	NA	NA	2019-04-18T11:06:17Z	NA	NA	EBI	PRJNA33411	TRUE	reference	UPEC	F
GCF_000091005.1	Complete Genome	11368	sample_name : AP010953-AP010957; serovar : O26:H11; strain : 11368	Escherichia coli O26:H11 str. 11368	99.01	GCA_000010385.1	77.58	claderef	Escherichia coli	88.11	species_match	category_na	OK	na	99.01	GCA_000010385.1	77.58	claderef	Escherichia coli SE11	88.11	Escherichia coli O26:H11 str. 11368	Escherichia coli	99.29	73.92828	0.71	Escherichia coli	species	562	v1.2.2	SAMD00060955	NA	NA	NA	Escherichia coli O26:H11 str. 11368	573235	Generic sample from Escherichia coli O26:H11 str. 11368	NA	NA	NA	NA	2016-09-26T20:10:59Z	NA	O26:H11	DDBJ	PRJDA32509	TRUE	reference	EHEC	B1
GCF_000212715.2	Complete Genome	UMNK88	strain : UMNK88; geo_loc_name : USA; host : porcine; isolation_source : porcine neonatal diarrhea; pathovar : enterotoxigenic Escherichia coli (ETEC); serogroup : O149	Escherichia coli UMNK88	98.99	GCA_000210475.1	80.79	claderef	Escherichia coli	85.96	species_match	category_na	OK	na	98.99	GCA_000210475.1	80.79	claderef	Escherichia coli ETEC H10407	85.96	Escherichia coli UMNK88	Escherichia coli	98.91	41.9713	1.05	Escherichia coli	species	562	v1.2.2	SAMN02604221	NA	NA	NA	Escherichia coli UMNK88	696406	Sample from Escherichia coli UMNK88	USA	porcine	NA	porcine neonatal diarrhea	2015-05-18T13:20:56Z	NA	NA	NCBI	PRJNA42137	TRUE	reference	ETEC	A
GCF_000220005.1	Complete Genome	UMNF18	strain : UMNF18; host : porcine; collection_date : 2007; isolation_source : lesion swab of diarrheal isolate; geo_loc_name : USA	Escherichia coli UMNF18	99.27	GCA_000210475.1	80.72	claderef	Escherichia coli	85.41	species_match	category_na	OK	na	99.27	GCA_000210475.1	80.72	claderef	Escherichia coli ETEC H10407	85.41	Escherichia coli UMNF18	Escherichia coli	98.61	26.649784	0.37	Escherichia coli	species	562	v1.2.2	SAMN02471895	NA	2007	NA	Escherichia coli UMNF18	1050617	Sample from Escherichia coli UMNF18	USA	porcine	NA	lesion swab of diarrheal isolate	2015-05-18T13:14:18Z	NA	NA	NCBI	PRJNA48455	TRUE	reference	ETEC	A
GCF_000732965.1	Complete Genome	EDL933	strain : EDL933; age : N/A; biomaterial_provider : ATCC 700927; sex : not applicable; tissue : N/A	Escherichia coli O157:H7 str. EDL933	99.98	GCA_001281725.1	93.57	claderef	Escherichia coli	99.57	species_match	category_na	OK	na	99.98	GCA_001281725.1	93.57	claderef	Escherichia coli	99.57	Escherichia coli O157:H7 str. EDL933	Escherichia coli	99.51	92.90171	0.15	Escherichia coli	species	562	v1.2.2	SAMN02905113	NA	NA	Genomic DNA was isolated from E. coli O157:H7 strain EDL933 in order to update and complete the assembly.	Escherichia coli O157:H7 str. EDL933	155864	Genome Sequence Update for Escherichia coli O157:H7	NA	NA	NA	NA	2014-07-17T19:02:36Z	NA	NA	University of California San Diego	PRJNA253471	TRUE	reference	EHEC	E
GCF_013168015.1	Complete Genome	DEC5A	collection_date : 1950; collected_by : missing; geo_loc_name : USA:New York; isolation_source : missing; lat_lon : Not collected; host_disease : missing; strain : DEC5A; host : Homo sapiens; pathotype : STEC; serotype : O55:H7	Escherichia coli O55:H7	99.62	GCA_001281725.1	91.37	claderef	Escherichia coli	92.76	species_match	category_na	OK	na	99.62	GCA_001281725.1	91.37	claderef	Escherichia coli	92.76	Escherichia coli O55:H7	Escherichia coli	98.85	37.188946	0.15	Escherichia coli	species	562	v1.2.2	SAMN11229483	missing	1950	NA	Escherichia coli O55:H7	244320	Pathogen: clinical or host-associated sample from Escherichia coli O55:H7	USA:New York	Homo sapiens	missing	missing	2021-09-28T14:25:30Z	Not collected	NA	United State Department of Agriculture	PRJNA528413	TRUE	reference	EPEC	E
GCF_014262945.1	Complete Genome	CFT073	strain : CFT073; alternate_ID : 199310; isolation_source : missing; collection_date : 2016-11-02; geo_loc_name : USA:California; sample_type : cell culture	Escherichia coli CFT073	99.03	GCA_000013265.1	88.86	claderef	Escherichia coli	89.93	species_match	category_na	OK	na	99.03	GCA_000013265.1	88.86	claderef	Escherichia coli UTI89	89.93	Escherichia coli CFT073	Escherichia coli	99.05	55.035603	0.47	Escherichia coli	species	562	v1.2.2	SAMN14575425	NA	2016-11-02	NA	Escherichia coli CFT073	199310	Microbe sample from Escherichia coli CFT073	USA:California	NA	NA	missing	2021-02-28T09:18:07Z	NA	NA	Genentech	PRJNA624646	TRUE	reference	UPEC	B2
GCF_014858525.1	Complete Genome	UTI89	strain : UTI89; host : Homo sapiens; isolation_source : urine pellicle; collection_date : 2018-09-20; geo_loc_name : India: Thanjavur; sample_type : Bacterial culture; biomaterial_provider : Dr. CS Srinandan; collected_by : Sandeep miryala	Escherichia coli	99.99	GCA_000013265.1	100	claderef	Escherichia coli	97.79	species_match	category_na	OK	na	99.99	GCA_000013265.1	100	claderef	Escherichia coli UTI89	97.79	Escherichia coli	Escherichia coli	99.22	68.121925	0.21	Escherichia coli	species	562	v1.2.2	SAMN16237063	Sandeep miryala	2018-09-20	NA	Escherichia coli UTI89	364106	Microbe sample from Escherichia coli UTI89	India: Thanjavur	Homo sapiens	NA	urine pellicle	2021-03-02T16:50:30Z	NA	NA	SASTRA University	PRJNA664911	TRUE	reference	UPEC	B2
GCF_018884265.1	Complete Genome	B7A	collected_by : missing; collection_date : missing; geo_loc_name : missing; host : Homo sapiens; host_disease : diarrhea; isolation_source : stool; lat_lon : missing; strain : B7A	Escherichia coli	99.12	GCA_000010385.1	86.83	claderef	Escherichia coli	88.25	species_match	category_na	OK	na	99.12	GCA_000010385.1	86.83	claderef	Escherichia coli SE11	88.25	Escherichia coli	Escherichia coli	98.71	30.5109	0.26	Escherichia coli	species	562	v1.2.3	SAMN10904681	missing	missing	NA	Escherichia coli	562	Pathogen: clinical or host-associated sample from Escherichia coli	missing	Homo sapiens	diarrhea	stool	2021-03-01T00:51:01Z	missing	NA	University of Maryland, School of Medicine	PRJNA521509	TRUE	reference	ETEC	-
GCF_021559855.1	Complete Genome	CFT073	strain : CFT073; host : Homo sapiens; isolation_source : urine; collection_date : 1990; geo_loc_name : USA; sample_type : pure culture	Escherichia coli	99.03	GCA_000013265.1	88.95	claderef	Escherichia coli	89.93	species_match	category_na	OK	na	99.03	GCA_000013265.1	88.95	claderef	Escherichia coli UTI89	89.93	Escherichia coli	Escherichia coli	99.23	68.61925	0.48	Escherichia coli	species	562	v1.2.2	SAMN15325682	NA	1990	NA	Escherichia coli	562	CFT073	USA	Homo sapiens	NA	urine	2021-07-01T00:52:36Z	NA	NA	University of Muenster	PRJNA640588	TRUE	reference	UPEC	B2
GCF_022453605.1	Complete Genome	HS	strain : HS; collection_date : not applicable; env_broad_scale : not applicable; env_local_scale : not applicable; env_medium : not applicable; geo_loc_name : Switzerland: Zurich; isol_growth_condt : not applicable; lat_lon : not applicable; num_replicons : not applicable; ref_biomaterial : not applicable	Escherichia coli	99	GCA_000210475.1	92.69	claderef	Escherichia coli	79.8	species_match	category_na	OK	na	99	GCA_000210475.1	92.69	claderef	Escherichia coli ETEC H10407	79.8	Escherichia coli	Escherichia coli	98.19	14.363576	0.15	Escherichia coli	species	562	v1.2.2	SAMN26036044	NA	not applicable	Keywords: GSC:MIxS;MIGS:6.0	Escherichia coli	562	Cultured isolate of Escherichia coli HS	Switzerland: Zurich	NA	NA	NA	2022-02-18T10:35:17Z	not applicable	NA	ETH Zurich	PRJNA807538	TRUE	reference	Comensal	A
GCF_029962285.1	Complete Genome	EDL933	strain : EDL933; collected_by : Zhenhe Xu; collection_date : 2018-02-28; geo_loc_name : China; host : Homo sapiens; host_disease : Diarrhoea; isolation_source : feces; lat_lon : 31 N 121 E; isolate : missing	Escherichia coli O157:H7 str. EDL933	99.98	GCA_001281725.1	91.36	claderef	Escherichia coli	99.55	species_match	category_na	OK	na	99.98	GCA_001281725.1	91.36	claderef	Escherichia coli	99.55	Escherichia coli O157:H7 str. EDL933	Escherichia coli	99.51	92.90171	0.15	Escherichia coli	species	562	v1.2.2	SAMN34435701	Zhenhe Xu	2018-02-28	NA	Escherichia coli O157:H7 str. EDL933	155864	Pathogen: clinical or host-associated sample from Escherichia coli O157:H7 str. EDL933	China	Homo sapiens	Diarrhoea	feces	2023-05-04T11:22:04Z	31 N 121 E	NA	East China University of Science and Technology	PRJNA963085	TRUE	reference	EHEC	E
GCF_041262755.1	Complete Genome	CFT073	strain : CFT073; isolate : not applicable; collected_by : not applicable; collection_date : not applicable; geo_loc_name : not applicable; host : Homo sapiens; host_disease : Urinary tract infections; isolation_source : urine; lat_lon : not applicable	Escherichia coli	99.03	GCA_000013265.1	88.95	claderef	Escherichia coli	89.93	species_match	category_na	OK	na	99.03	GCA_000013265.1	88.95	claderef	Escherichia coli UTI89	89.93	Escherichia coli	Escherichia coli	99.23	68.61925	0.44	Escherichia coli	species	562	v1.2.3	SAMN41858625	not applicable	not applicable	NA	Escherichia coli	562	Pathogen: clinical or host-associated sample from Escherichia coli	not applicable	Homo sapiens	Urinary tract infections	urine	2024-08-14T18:39:05Z	not applicable	NA	Justus Liebig University Giessen	PRJNA1124524	TRUE	reference	UPEC	B2
GCF_000005845.2	Complete Genome	K-12 MG1655	strain : K-12; substrain : MG1655	Escherichia coli str. K-12 substr. MG1655	99.46	GCA_000210475.1	94.38	claderef	Escherichia coli	82.26	species_match	category_na	OK	na	99.46	GCA_000210475.1	94.38	claderef	Escherichia coli ETEC H10407	82.26	Escherichia coli str. K_12 substr. MG1655	Escherichia coli	99.48	89.67555	0.15	Escherichia coli	species	562	v1.2.2	SAMN02604091	NA	NA	NA	Escherichia coli str. K-12 substr. MG1655	511145	Sample from Escherichia coli str. K-12 substr. MG1655	NA	NA	NA	NA	2020-01-27T14:15:18Z	NA	NA	NCBI	PRJNA225	TRUE	reference	Comensal	A
GCF_000008865.2	Complete Genome	SAKAI (EHEC)	collection_date : 1996; geo_loc_name : Japan: Sakai City, Osaka prefecture; lat_lon : Missing; isolation_source : Human intestinal microflora; host : Homo sapiens; host_disease : Hemorrhagic colitis, HUS; collected_by : M Yoh, T Honda; host_tissue_sampled : Human feces; host_description : typical patient during the Sakai outbreak; culture_collection : ATCC:BAA-460; serotype : E. coli O157:H7; pathotype : EHEC, STEC; Sequencing Center : RIKEN; GOLD : Gc00046; Genbank : BA000007; Refseq : NC_002695; strain : SAKAI (EHEC)	Escherichia coli O157:H7 str. Sakai	99.97	GCA_001281725.1	94.32	claderef	Escherichia coli	99.57	species_match	category_na	OK	na	99.97	GCA_001281725.1	94.32	claderef	Escherichia coli	99.57	Escherichia coli O157:H7 str. Sakai	Escherichia coli	99.51	92.90171	0.15	Escherichia coli	species	562	v1.2.2	SAMN01911278	M Yoh, T Honda	1996	Full genome sequenced type strain Escherichia coli O157:H7 str. SAKAI.  This strain is associated with Hamburger disease, which is caused by the contamination of meat products by enterohemorrhagic E. coli (EHEC). The identifier O157:H7 refers to the serotype of EHEC, and reflects the specific antigenic markers found on the surface of the cell. EHEC attaches and effaces to cells in the large intestine.There are numerous differences that distinguish O157:H7 from K-12, hundreds of them associated with genomic islands in either strain, including at least 9 large PAIs in O157:H7 that encode virulence factors. A type III secretion system, the locus of enterocyte effacement, numerous toxins and adhesins, as well as fimbrial gene clusters and iron uptake systems are found in these PAIs. Pathogenicity genes are also found on the plasmid pO157. Escherichia coli O157:H7 strain Sakai. This strain of O157:H7 was isolated in a 1996 outbreak in Sakai, Japan.	Escherichia coli O157:H7 str. Sakai	386585	Bacterial, clinical or host-associated sample for Escherichia coli O157:H7 str. SAKAI (EHEC)	Japan: Sakai City, Osaka prefecture	Homo sapiens	Hemorrhagic colitis, HUS	Human intestinal microflora	2019-05-23T15:25:40Z	Missing	NA	ATCC	PRJNA226	TRUE	reference	NA	NA
GCF_000010245.2	Complete Genome	K-12 W3110	sample_name : AP009048; strain : K-12; substrain : W3110	Escherichia coli str. K-12 substr. W3110	99.46	GCA_000210475.1	94.27	claderef	Escherichia coli	82.24	species_match	category_na	OK	na	99.46	GCA_000210475.1	94.27	claderef	Escherichia coli ETEC H10407	82.24	Escherichia coli str. K_12 substr. W3110	Escherichia coli	NA	NA	NA	NA	NA	NA	NA	SAMD00061081	NA	NA	NA	Escherichia coli str. K-12 substr. W3110	316407	Generic sample from Escherichia coli str. K-12 substr. W3110	NA	NA	NA	NA	2016-09-26T20:10:59Z	NA	NA	DDBJ	PRJNA16351	NA	reference	Comensal	A
GCF_000026545.1	Complete Genome	E2348/69	Check list type : prokaryote; ENA-FIRST-PUBLIC : 2010-02-26T10:44:07Z; ENA-LAST-UPDATE : 2018-03-09T09:51:49Z; External Id : SAMEA1705959; GCAT ID : 001047_GCAT; Health status of host : alive; INSDC center name : EBI; INSDC first public : 2010-02-26T10:44:07Z; INSDC last update : 2018-03-09T09:51:49Z; INSDC status : public; Nucleic acid preparation : Phenol/Chloroform; Relevant e-resources : http://www.sanger.ac.uk/Projects/Escherichia_Shigella/; Submitter Id : 001047_GCAT-20090507; collection_date : 1969; biotic_relationship : pathogen; broker name : ENA; habitat : animal-associated habitat; host_taxid : 9606; latitude : 51.0; longitude : -3.1; pathogenicity : human; rel_to_oxygen : facultative anaerobic; sample_name : 001047_GCAT-20090507; scientific_name : Escherichia coli O127:H6 str. E2348/69; trophic_level : heterotroph	Escherichia coli O127:H6 str. E2348/69	98.56	GCA_000013265.1	84.24	claderef	Escherichia coli	82.44	species_match	category_na	OK	na	98.56	GCA_000013265.1	84.24	claderef	Escherichia coli UTI89	82.44	Escherichia coli O127:H6 str. E2348/69	Escherichia coli	99.24	70.47823	0.18	Escherichia coli	species	562	v1.2.2	SAMEA1705959	NA	1969	NA	Escherichia coli O127:H6 str. E2348/69	574521	Sample from Escherichia coli O127:H6 str. E2348/69	NA	NA	NA	NA	2024-02-05T14:44:14Z	NA	NA	EBI	PRJEA32571	TRUE	reference	EPEC	B2
GCF_000027125.1	Complete Genome	042	ENA-CHECKLIST : ERC000011; ENA-FIRST-PUBLIC : 2013-12-19; ENA-LAST-UPDATE : 2013-12-09; External Id : SAMEA2272277; INSDC center alias : EBI; INSDC center name : European Bioinformatics Institute; INSDC first public : 2013-12-19T12:09:21Z; INSDC last update : 2013-12-09T15:23:57Z; INSDC status : public; strain : 042; Submitter Id : GCA_000027125; broker name : European Nucleotide Archive; individual_name : GCA_000027125; sample_name : GCA_000027125	Escherichia coli 042	98.5	GCA_000350825.1	87.82	claderef	Escherichia coli	89.28	species_match	category_na	OK	na	98.5	GCA_000350825.1	87.82	claderef	Escherichia coli KTE26	89.28	Escherichia coli 042	Escherichia coli	99.54	96.2912	0.28	Escherichia coli	species	562	v1.2.2	SAMEA2272277	NA	NA	NA	Escherichia coli 042	216592	BioSample entry for genome collection GCA_000027125	NA	NA	NA	NA	2021-08-20T06:56:12Z	NA	NA	EBI	PRJEA40647	TRUE	reference	NA	NA
GCF_000210475.1	Complete Genome	ETEC H10407	ENA-CHECKLIST : ERC000011; ENA-FIRST-PUBLIC : 2013-12-19; ENA-LAST-UPDATE : 2013-12-09; External Id : SAMEA2272237; INSDC center alias : EBI; INSDC center name : European Bioinformatics Institute; INSDC first public : 2013-12-19T12:09:22Z; INSDC last update : 2013-12-09T15:23:56Z; INSDC status : public; strain : ETEC H10407; Submitter Id : GCA_000210475; broker name : European Nucleotide Archive; individual_name : GCA_000210475; sample_name : GCA_000210475	Escherichia coli ETEC H10407	98.59	GCA_000459055.1	84.31	claderef	Escherichia coli	85.21	species_match	claderef	OK	na	98.59	GCA_000459055.1	84.31	claderef	Escherichia coli HVH 200 (4_4449924)	85.21	Escherichia coli ETEC H10407	Escherichia coli	99.1	58.62145	0.19	Escherichia coli	species	562	v1.2.2	SAMEA2272237	NA	NA	NA	Escherichia coli ETEC H10407	316401	BioSample entry for genome collection GCA_000210475	NA	NA	NA	NA	2021-08-20T06:56:10Z	NA	NA	EBI	PRJEA42749	TRUE	reference	NA	NA
GCF_000829985.1	Complete Genome	1303	host : Bos taurus; isolation_source : udder acute mastitis; sample_type : missing; geo_loc_name : Germany: Hannover; collection_date : 2002; Host health : acute mastitis; host_tissue_sampled : udder; phenotype : pathogen; serotype : O70:H32; strain : 1303	Escherichia coli 1303	99.32	GCA_000210475.1	87.83	claderef	Escherichia coli	85.04	species_match	category_na	OK	na	99.32	GCA_000210475.1	87.83	claderef	Escherichia coli ETEC H10407	85.04	Escherichia coli 1303	Escherichia coli	99.4	82.81399	0.32	Escherichia coli	species	562	v1.2.2	SAMN02949643	NA	2002	NA	Escherichia coli 1303	745156	Microbe sample from Escherichia coli 1303	Germany: Hannover	Bos taurus	NA	udder acute mastitis	2016-04-29T07:24:15Z	NA	NA	Georg-August-University Goettingen, Genomic and Applied Microbiology, Goettingen Genomics Laboratory	PRJNA46529	TRUE	bovine	NA	NA
GCF_001558995.2	Complete Genome	JEONG-1266	strain : JEONG-1266; lat_lon : missing; collection_date : 2013-08-13; geo_loc_name : USA:FL; host : Bos taurus; collected_by : FLUFL; ontological term : feces:UBERON_0001988, beef food product:FOODON_00001041, hindlimb zeugopod:UBERON_0003823; source_type : animal; ifsac_category : cow; isolate_name_alias : CFSAN039915; host_disease : missing; isolation_source : fecal beef calf; attribute_package : environmental/food/other	Escherichia coli O157:H7	99.92	GCA_001281725.1	93.54	claderef	Escherichia coli	98.39	species_match	category_na	OK	na	99.92	GCA_001281725.1	93.54	claderef	Escherichia coli	98.39	Escherichia coli O157:H7	Escherichia coli	99.51	92.90171	0.15	Escherichia coli	species	562	v1.2.2	SAMN04191546	FLUFL	2013-08-13	NA	Escherichia coli O157:H7	83334	Pathogen: environmental/food/other sample from Escherichia coli O157:H7	USA:FL	Bos taurus	missing	fecal beef calf	2022-07-02T11:20:53Z	missing	NA	CFSAN	PRJNA322195	TRUE	bovine	NA	NA
GCF_001651925.2	Complete Genome	FRIK2069	attribute_package : environmental/food/other; isolation_source : feces (Bos taurus); ontological term : bos taurus:ncbitaxon_9913| feces:uberon_0001988; ifsac_category : veterinary clinical/research| cow; source_type : animal; collection_date : 2011-07-20; geo_loc_name : USA:FL; host : Bos taurus; isolate_name_alias : CFSAN039920; lat_lon : missing; strain : FRIK2069; collected_by : FLUFL; host_disease : missing	Escherichia coli O157:H7	99.92	GCA_001281725.1	89.55	claderef	Escherichia coli	97.01	species_match	category_na	OK	na	99.92	GCA_001281725.1	89.55	claderef	Escherichia coli	97.01	Escherichia coli O157:H7	Escherichia coli	99.17	63.908463	0.25	Escherichia coli	species	562	v1.2.2	SAMN04191551	FLUFL	2011-07-20	NA	Escherichia coli	562	Pathogen: environmental/food/other sample from Escherichia coli	USA:FL	Bos taurus	missing	feces (Bos taurus)	2022-07-02T11:20:53Z	missing	NA	CFSAN	PRJNA322195	TRUE	bovine	NA	NA
GCF_001651965.2	Complete Genome	FRIK2455	collection_date : 2011-07-20; strain : FRIK2455; attribute_package : environmental/food/other; host_disease : missing; isolate_name_alias : CFSAN047585; collected_by : FLUFL; lat_lon : missing; geo_loc_name : USA: FL; host : Bos taurus; isolation_source : fecal steer; ifsac_category : veterinary clinical/research, cow; ontological term : feces:UBERON_0001988, cattle steer:FOODON_00002531; source_type : animal	Escherichia coli O157:H7	99.92	GCA_001281725.1	89.01	claderef	Escherichia coli	97.01	species_match	category_na	OK	na	99.92	GCA_001281725.1	89.01	claderef	Escherichia coli	97.01	Escherichia coli O157:H7	Escherichia coli	99.2	66.204216	0.25	Escherichia coli	species	562	v1.2.2	SAMN04531998	FLUFL	2011-07-20	NA	Escherichia coli O157:H7	83334	Pathogen: environmental/food/other sample from Escherichia coli O157:H7	USA: FL	Bos taurus	missing	fecal steer	2022-07-02T11:27:06Z	missing	NA	FDA Center for Food Safety and Applied Nutrition	PRJNA322195	TRUE	bovine	NA	NA
GCF_001695515.1	Complete Genome	FRIK944	strain : FRIK944; lat_lon : missing; collection_date : 2014-09-16; geo_loc_name : USA:FL; host : Bos taurus; collected_by : FLUFL; ontological term : hindlimb zeugopod:UBERON_0003823| feces:UBERON_0001988; source_type : animal; ifsac_category : veterinary clinical/research| cow; isolate_name_alias : CFSAN046965; host_disease : missing; isolation_source : calf feces; attribute_package : environmental/food/other	Escherichia coli O157:H7	99.93	GCA_001281725.1	87.84	claderef	Escherichia coli	97.23	species_match	category_na	OK	na	99.93	GCA_001281725.1	87.84	claderef	Escherichia coli	97.23	Escherichia coli O157:H7	Escherichia coli	99.2	66.204216	0.58	Escherichia coli	species	562	v1.2.2	SAMN04510563	FLUFL	2014-09-16	NA	Escherichia coli O157:H7	83334	Pathogen: environmental/food/other sample from Escherichia coli O157:H7	USA:FL	Bos taurus	missing	calf feces	2022-07-02T11:26:58Z	missing	NA	FDA Center for Food Safety and Applied Nutrition	PRJNA322195	TRUE	bovine	NA	NA
GCF_002357875.1	Complete Genome	MRY15-131	sample_name : MRY15-131; collection_date : 2013; env_broad_scale : missing; env_local_scale : missing; env_medium : missing; geo_loc_name : Japan; host : Bos taurus; isol_growth_condt : missing; lat_lon : missing; locus_tag_prefix : MRY15131; num_replicons : missing; project_name : Complete genome sequences of Escherichia coli with mcr-1 gene positive IncI2 plasmid; ref_biomaterial : missing; rel_to_oxygen : aerobic; strain : MRY15-131	Escherichia coli	98.65	GCA_000019645.1	88	claderef	Escherichia coli	88.08	species_match	category_na	OK	na	98.65	GCA_000019645.1	88	claderef	Escherichia coli SMS_3_5	88.08	Escherichia coli	Escherichia coli	98.91	41.9713	1.58	Escherichia coli	species	562	v1.2.2	SAMD00056132	NA	2013	Keywords: GSC:MIxS;MIGS:6.0	Escherichia coli	562	Escherichia coli str. MRY15-131	Japan	Bos taurus	NA	NA	2022-04-04T05:51:57Z	missing	NA	Laboratory of Bacterial Genomics, Pathogen Genomics Center, National Institute of Infectious Diseases	PRJDB5007	TRUE	bovine	NA	NA
GCF_002357895.1	Complete Genome	MRY15-117	sample_name : MRY15-117; collection_date : 2012; env_broad_scale : missing; env_local_scale : missing; env_medium : missing; geo_loc_name : Japan; host : Bos taurus; isol_growth_condt : missing; lat_lon : missing; locus_tag_prefix : MRY15117; num_replicons : missing; project_name : Complete genome sequences of Escherichia coli with mcr-1 gene positive IncI2 plasmid; ref_biomaterial : missing; rel_to_oxygen : aerobic; strain : MRY15-117	Escherichia coli	98.64	GCA_000019645.1	87.09	claderef	Escherichia coli	88.42	species_match	category_na	OK	na	98.64	GCA_000019645.1	87.09	claderef	Escherichia coli SMS_3_5	88.42	Escherichia coli	Escherichia coli	98.9	40.517876	1.54	Escherichia coli	species	562	v1.2.2	SAMD00056131	NA	2012	Keywords: GSC:MIxS;MIGS:6.0	Escherichia coli	562	Escherichia coli str. MRY15-117	Japan	Bos taurus	NA	NA	2022-04-04T05:51:57Z	missing	NA	Laboratory of Bacterial Genomics, Pathogen Genomics Center, National Institute of Infectious Diseases	PRJDB5007	TRUE	bovine	NA	NA
GCF_003112165.1	Complete Genome	RM8385	strain : RM8385; collected_by : USDA ARS PSM; collection_date : 2009-01; geo_loc_name : USA: Salinas, California; host : Bos taurus; host_disease : n/a; isolation_source : feces; lat_lon : 36.68 N 121.67 W; pathotype : STEC; serotype : O103	Escherichia coli O103 str. RM8385	98.9	GCA_000459055.1	78.87	claderef	Escherichia coli	85.8	species_match	category_na	OK	na	98.9	GCA_000459055.1	78.87	claderef	Escherichia coli HVH 200 (4_4449924)	85.8	Escherichia coli O103 str. RM8385	Escherichia coli	99.15	61.959553	0.67	Escherichia coli	species	562	v1.2.2	SAMN08724650	USDA ARS PSM	2009-01	The rise in foodborne-related outbreaks of non O157 shiga-toxin producing E. coli (STECs) emphasizes the importance of developing improved methods to rapidly detect and characterize STECs. The major serovars of STEC associated with illness have been O26, O111, O103, O121, O43, and O145, accounting for 25-50% of human illness caused by STECs and, in some cases, severe illness comparable to illness caused by E. coli O157:H7. Sequencing of STECs from the agriculturally important region of the California central coast will address the diversity of genomic content and physiology of STECs compared to E. coli O157.	Escherichia coli O103 str. RM8385	1055540	Pathogen: Bos taurus-associated sample of Escherichia coli O103	USA: Salinas, California	Bos taurus	n/a	feces	2021-02-24T10:55:26Z	36.68 N 121.67 W	NA	United States Department of Agriculture, Agricultural Research Service	PRJNA69931	TRUE	bovine	NA	NA
GCF_003112205.1	Complete Genome	RM10042	strain : RM10042; collected_by : USDA ARS PSM; collection_date : 2009-10; geo_loc_name : USA: California; host : Bos taurus; host_disease : n/a; isolation_source : feces; lat_lon : 36.68 N 121.67 W; pathotype : STEC; serotype : O43	Escherichia coli O43 str. RM10042	99.12	GCA_000010385.1	87.67	claderef	Escherichia coli	89.47	species_match	category_na	OK	na	99.12	GCA_000010385.1	87.67	claderef	Escherichia coli SE11	89.47	Escherichia coli O43 str. RM10042	Escherichia coli	99.41	83.75175	0.72	Escherichia coli	species	562	v1.2.2	SAMN08165042	USDA ARS PSM	2009-10	The rise in foodborne-related outbreaks of non O157 shiga-toxin producing E. coli (STECs) emphasizes the importance of developing improved methods to rapidly detect and characterize STECs. The major serovars of STEC associated with illness have been O26, O111, O103, O121, O43, and O145, accounting for 25-50% of human illness caused by STECs and, in some cases, severe illness comparable to illness caused by E. coli O157:H7. Sequencing of STECs from the agriculturally important region of the California central coast will address the diversity of genomic content and physiology of STECs compared to E. coli O157.	Escherichia coli O43 str. RM10042	1055541	Pathogen: Bos taurus-associated sample of Escherichia coli O43	USA: California	Bos taurus	n/a	feces	2018-09-13T19:05:17Z	36.68 N 121.67 W	NA	United States Department of Agriculture, Agricultural Research Service	PRJNA69937	TRUE	bovine	NA	NA
GCF_003112225.1	Complete Genome	RM10386	strain : RM10386; collected_by : USDA ARS PSM; collection_date : 2009-11; geo_loc_name : USA: Salinas, California; host : Bos taurus; host_disease : n/a; isolation_source : feces; lat_lon : 36.68 N 121.67 W; pathotype : STEC; serotype : O26	Escherichia coli O26 str. RM10386	98.91	GCA_000459055.1	76.31	claderef	Escherichia coli	86.43	species_match	category_na	OK	na	98.91	GCA_000459055.1	76.31	claderef	Escherichia coli HVH 200 (4_4449924)	86.43	Escherichia coli O26 str. RM10386	Escherichia coli	98.99	48.84387	0.73	Escherichia coli	species	562	v1.2.2	SAMN08724660	USDA ARS PSM	2009-11	The rise in foodborne-related outbreaks of non O157 shiga-toxin producing E. coli (STECs) emphasizes the importance of developing improved methods to rapidly detect and characterize STECs. The major serovars of STEC associated with illness have been O26, O111, O103, O121, O43, and O145, accounting for 25-50% of human illness caused by STECs and, in some cases, severe illness comparable to illness caused by E. coli O157:H7. Sequencing of STECs from the agriculturally important region of the California central coast will address the diversity of genomic content and physiology of STECs compared to E. coli O157.	Escherichia coli O26 str. RM10386	1055534	Pathogen: Bos taurus-associated sample of Escherichia coli O26	USA: Salinas, California	Bos taurus	n/a	feces	2021-02-24T10:55:26Z	36.68 N 121.67 W	NA	United States Department of Agriculture, Agricultural Research Service	PRJNA69935	TRUE	bovine	NA	NA
GCF_003176855.1	Complete Genome	RM10466	strain : RM10466; collected_by : USDA ARS PSM; collection_date : 2009-11; geo_loc_name : USA: Salinas, California; host : Bos taurus; host_disease : n/a; isolation_source : feces; lat_lon : 36.68 N 121.67 W; pathotype : STEC; serotype : O113	Escherichia coli	99.18	GCA_000010385.1	85.77	claderef	Escherichia coli	87.72	species_match	category_na	OK	na	99.18	GCA_000010385.1	85.77	claderef	Escherichia coli SE11	87.72	Escherichia coli	Escherichia coli	99.36	79.207954	0.6	Escherichia coli	species	562	v1.2.2	SAMN08724662	USDA ARS PSM	2009-11	The rise in foodborne-related outbreaks of non O157 shiga-toxin producing E. coli (STECs) emphasizes the importance of developing improved methods to rapidly detect and characterize STECs. The major serovars of STEC associated with illness have been O26, O111, O103, O121, O113, O43, and O145, accounting for 25-50% of human illness caused by STECs and, in some cases, severe illness comparable to illness caused by E. coli O157:H7. Sequencing of STECs from the agriculturally important region of the California central coast will address the diversity of genomic content and physiology of STECs compared to E. coli O157.	Escherichia coli	562	Pathogen: Bos taurus-associated sample from Escherichia coli O113	USA: Salinas, California	Bos taurus	n/a	feces	2021-02-24T10:55:26Z	36.68 N 121.67 W	NA	United States Department of Agriculture, Agricultural Research Service	PRJNA438708	TRUE	bovine	NA	NA
GCF_003288295.1	Complete Genome	RM9131	strain : RM9131; collected_by : USDA ARS PSM; collection_date : 2009-05; geo_loc_name : USA: Salinas, California; host : Bos taurus; host_disease : n/a; isolation_source : feces; lat_lon : 36.6 N 121.6 W; pathotype : STEC; serotype : O111	Escherichia coli	98.99	GCA_000263895.1	86.22	claderef	Escherichia coli	89.04	species_match	category_na	OK	na	98.99	GCA_000263895.1	86.22	claderef	Escherichia coli O103:H25 str. CVM9340	89.04	Escherichia coli	Escherichia coli	99.08	57.103794	1.15	Escherichia coli	species	562	v1.2.2	SAMN08822959	USDA ARS PSM	2009-05	Genome sequence of Escherichia coli O111 str. RM9131 isolated from cattle	Escherichia coli	562	Pathogen: Escherichia coli O111 str. RM9131 from cattle	USA: Salinas, California	Bos taurus	n/a	feces	2018-09-13T15:08:17Z	36.6 N 121.6 W	NA	United States Department of Agriculture, Agricultural Research Service	PRJNA448153	TRUE	bovine	NA	NA
GCF_003586065.1	Complete Genome	RM9872	strain : RM9872; collected_by : USDA ARS PSM; collection_date : 2009-07; geo_loc_name : USA: Salinas, California; host : Bos taurus; host_disease : n/a; isolation_source : feces; lat_lon : 36.68 N 121.67 W; pathotype : STEC; serotype : O145	Escherichia coli O145 str. RM9872	98.43	GCA_001281725.1	85.99	claderef	Escherichia coli	88.84	species_match	category_na	OK	na	98.43	GCA_001281725.1	85.99	claderef	Escherichia coli	88.84	Escherichia coli O145 str. RM9872	Escherichia coli	98.83	36.12824	0.31	Escherichia coli	species	562	v1.2.2	SAMN08724661	USDA ARS PSM	2009-07	The rise in foodborne-related outbreaks of non O157 shiga-toxin producing E. coli (STECs) emphasizes the importance of developing improved methods to rapidly detect and characterize STECs. The major serovars of STEC associated with illness have been O26, O111, O103, O121, O43, and O145, accounting for 25-50% of human illness caused by STECs and, in some cases, severe illness comparable to illness caused by E. coli O157:H7. Sequencing of STECs from the agriculturally important region of the California central coast will address the diversity of genomic content and physiology of STECs compared to E. coli O157.	Escherichia coli O145 str. RM9872	1055544	Pathogen: Bos taurus-associated sample of Escherichia coli O145	USA: Salinas, California	Bos taurus	n/a	feces	2021-02-24T10:55:26Z	36.68 N 121.67 W	NA	United States Department of Agriculture, Agricultural Research Service	PRJNA69939	TRUE	bovine	NA	NA
GCF_003966425.1	Complete Genome	E2855	sample_name : E2855; collection_date : 2001; env_broad_scale : missing; env_local_scale : missing; env_medium : feces; geo_loc_name : Japan; host : Bos taurus; isol_growth_condt : missing; lat_lon : missing; locus_tag_prefix : E2855; num_replicons : missing; project_name : Genomic analysis of colistin resistant EHEC isolated from cattle in Japan; ref_biomaterial : missing; strain : E2855	Escherichia coli	98.96	GCA_000263895.1	79.23	claderef	Escherichia coli	89.39	species_match	category_na	OK	na	98.96	GCA_000263895.1	79.23	claderef	Escherichia coli O103:H25 str. CVM9340	89.39	Escherichia coli	Escherichia coli	98.41	19.907509	0.78	Escherichia coli	species	562	v1.2.2	SAMD00129666	NA	2001	Keywords: GSC:MIxS;MIGS:6.0	Escherichia coli	562	EHEC O111 strain E2855	Japan	Bos taurus	NA	NA	2022-04-04T05:35:33Z	missing	NA	National Institute of Animal Health	PRJDB7170	TRUE	bovine	NA	NA
GCF_003966445.1	Complete Genome	E2863	sample_name : E2863; collection_date : 2013; env_broad_scale : missing; env_local_scale : missing; env_medium : feces; geo_loc_name : Japan; host : Bos taurus; isol_growth_condt : missing; lat_lon : missing; locus_tag_prefix : E2863; num_replicons : missing; project_name : Genomic analysis of colistin resistant EHEC isolated from cattle in Japan; ref_biomaterial : missing; strain : E2863	Escherichia coli	98.97	GCA_000263895.1	81.45	claderef	Escherichia coli	89.06	species_match	category_na	OK	na	98.97	GCA_000263895.1	81.45	claderef	Escherichia coli O103:H25 str. CVM9340	89.06	Escherichia coli	Escherichia coli	98.37	18.71284	0.93	Escherichia coli	species	562	v1.2.2	SAMD00129667	NA	2013	Keywords: GSC:MIxS;MIGS:6.0	Escherichia coli	562	EHEC O111 strain E2863	Japan	Bos taurus	NA	NA	2022-04-04T05:35:33Z	missing	NA	National Institute of Animal Health	PRJDB7170	TRUE	bovine	NA	NA
GCF_003966465.1	Complete Genome	E2865	sample_name : E2865; collection_date : 2014; env_broad_scale : missing; env_local_scale : missing; env_medium : feces; geo_loc_name : Japan; host : Bos taurus; isol_growth_condt : missing; lat_lon : missing; locus_tag_prefix : E2865; num_replicons : missing; project_name : Genomic analysis of colistin resistant EHEC isolated from cattle in Japan; ref_biomaterial : missing; strain : E2865	Escherichia coli	99	GCA_000010385.1	75.51	claderef	Escherichia coli	87.99	species_match	category_na	OK	na	99	GCA_000010385.1	75.51	claderef	Escherichia coli SE11	87.99	Escherichia coli	Escherichia coli	98.71	30.5109	0.84	Escherichia coli	species	562	v1.2.2	SAMD00129668	NA	2014	Keywords: GSC:MIxS;MIGS:6.0	Escherichia coli	562	EHEC O26 strain E2865	Japan	Bos taurus	NA	NA	2022-04-04T05:35:33Z	missing	NA	National Institute of Animal Health	PRJDB7170	TRUE	bovine	NA	NA
GCF_004771235.1	Complete Genome	PF9285	strain : PF9285; alternate_ID : DW54; isolation_source : Rectal swab from healthy swiss fattening veal calves; collection_date : 2017; geo_loc_name : Switzerland; sample_type : Pure culture; genotype : ST10; host : bovine	Escherichia coli	99.15	GCA_000210475.1	85.6	claderef	Escherichia coli	87.47	species_match	category_na	OK	na	99.15	GCA_000210475.1	85.6	claderef	Escherichia coli ETEC H10407	87.47	Escherichia coli	Escherichia coli	99.47	88.5708	0.66	Escherichia coli	species	562	v1.2.2	SAMN11333172	NA	2017	NA	Escherichia coli	562	Microbe sample from Escherichia coli	Switzerland	bovine	NA	Rectal swab from healthy swiss fattening veal calves	2019-04-05T10:38:00Z	NA	NA	University of Bern	PRJNA530748	TRUE	bovine	NA	NA
GCF_005391285.2	Complete Genome	KS-NP019	sample_name : KS-NP019; collection_date : 2013; env_broad_scale : missing; env_local_scale : missing; env_medium : feces; geo_loc_name : Japan; host : Bos taurus; host_health_state : healthy; isol_growth_condt : missing; lat_lon : missing; locus_tag_prefix : BvCmsKSNP019; num_replicons : missing; project_name : Genomic comparison of bovine- and human-associated E. coli; ref_biomaterial : missing; strain : KS-NP019	Escherichia coli	99.14	GCA_000010385.1	84.79	claderef	Escherichia coli	88.5	species_match	category_na	OK	na	99.14	GCA_000010385.1	84.79	claderef	Escherichia coli SE11	88.5	Escherichia coli	Escherichia coli	99.54	96.2912	0.64	Escherichia coli	species	562	v1.2.2	SAMD00077433	NA	2013	Keywords: GSC:MIxS;MIGS:6.0	Escherichia coli	562	Escherichia coli KS-NP019	Japan	Bos taurus	NA	NA	2022-04-05T05:51:13Z	missing	NA	Microbiology, Graduate School of Medical Sciences, Kyushu University	PRJDB5579	TRUE	bovine	NA	NA
GCF_005393605.2	Complete Genome	NS-NP030	sample_name : NS-NP030; collection_date : 2014; env_broad_scale : missing; env_local_scale : missing; env_medium : feces; geo_loc_name : Japan; host : Bos taurus; host_health_state : healthy; isol_growth_condt : missing; lat_lon : missing; locus_tag_prefix : BvCmsNSNP030; num_replicons : missing; project_name : Genomic comparison of bovine- and human-associated E. coli; ref_biomaterial : missing; strain : NS-NP030	Escherichia coli	99.12	GCA_000010385.1	83.53	claderef	Escherichia coli	88.61	species_match	category_na	OK	na	99.12	GCA_000010385.1	83.53	claderef	Escherichia coli SE11	88.61	Escherichia coli	Escherichia coli	99.4	82.81399	0.64	Escherichia coli	species	562	v1.2.2	SAMD00077547	NA	2014	Keywords: GSC:MIxS;MIGS:6.0	Escherichia coli	562	Escherichia coli NS-NP030	Japan	Bos taurus	NA	NA	2022-04-05T05:51:17Z	missing	NA	Microbiology, Graduate School of Medical Sciences, Kyushu University	PRJDB5579	TRUE	bovine	NA	NA
GCF_005396225.2	Complete Genome	SI-NP020	sample_name : SI-NP020; collection_date : 2014; env_broad_scale : missing; env_local_scale : missing; env_medium : feces; geo_loc_name : Japan; host : Bos taurus; host_health_state : healthy; isol_growth_condt : missing; lat_lon : missing; locus_tag_prefix : BvCmsSINP020; num_replicons : missing; project_name : Genomic comparison of bovine- and human-associated E. coli; ref_biomaterial : missing; strain : SI-NP020	Escherichia coli	99.12	GCA_000010385.1	88.4	claderef	Escherichia coli	87	species_match	category_na	OK	na	99.12	GCA_000010385.1	88.4	claderef	Escherichia coli SE11	87	Escherichia coli	Escherichia coli	99.55	96.83073	0.38	Escherichia coli	species	562	v1.2.2	SAMD00077658	NA	2014	Keywords: GSC:MIxS;MIGS:6.0	Escherichia coli	562	Escherichia coli SI-NP020	Japan	Bos taurus	NA	NA	2022-04-05T05:51:21Z	missing	NA	Microbiology, Graduate School of Medical Sciences, Kyushu University	PRJDB5579	TRUE	bovine	NA	NA
GCF_008080655.1	Complete Genome	YY76-1	strain : YY76-1; collected_by : Chong Chen; collection_date : 2018-05; geo_loc_name : China:Guangdong; host : cow; host_disease : missing; isolation_source : feces; lat_lon : 19.75 N 110 E	Escherichia coli	99.48	GCA_000210475.1	90.3	claderef	Escherichia coli	81.65	species_match	category_na	OK	na	99.48	GCA_000210475.1	90.3	claderef	Escherichia coli ETEC H10407	81.65	Escherichia coli	Escherichia coli	98.87	38.52125	0.62	Escherichia coli	species	562	v1.2.2	SAMN11967557	Chong Chen	2018-05	NA	Escherichia coli	562	Escherichia coli YY76-1 isolated from a cow	China:Guangdong	cow	missing	feces	2021-02-24T11:14:55Z	19.75 N 110 E	NA	South China Agricultural University	PRJNA547507	TRUE	bovine	NA	NA
GCF_009866925.2	Complete Genome	CFS3246	strain : CFS3246; alternate_ID : 6; host : Bos taurus; isolation_source : Bovine adult; collection_date : 2004-05-03; geo_loc_name : France; sample_type : Cell Culture	Escherichia coli	99.31	GCA_000210475.1	90.34	claderef	Escherichia coli	84.82	species_match	category_na	OK	na	99.31	GCA_000210475.1	90.34	claderef	Escherichia coli ETEC H10407	84.82	Escherichia coli	Escherichia coli	98.19	14.363576	0.19	Escherichia coli	species	562	v1.2.2	SAMN08522703	NA	2004-05-03	NA	Escherichia coli	562	Microbe sample from Escherichia coli	France	Bos taurus	NA	Bovine adult	2021-02-28T05:31:27Z	NA	NA	University College Dublin	PRJNA433915	TRUE	bovine	NA	NA
GCF_009866945.2	Complete Genome	CFS3273	strain : CFS3273; alternate_ID : 33; host : Bos taurus; isolation_source : Bovine adult; collection_date : 2007-05-03; geo_loc_name : France; sample_type : Cell Culture	Escherichia coli	99.28	GCA_000210475.1	81.73	claderef	Escherichia coli	85.07	species_match	category_na	OK	na	99.28	GCA_000210475.1	81.73	claderef	Escherichia coli ETEC H10407	85.07	Escherichia coli	Escherichia coli	98.16	13.838729	2.24	Escherichia coli	species	562	v1.2.2	SAMN08522730	NA	2007-05-03	NA	Escherichia coli	562	Microbe sample from Escherichia coli	France	Bos taurus	NA	Bovine adult	2021-02-28T05:31:28Z	NA	NA	University College Dublin	PRJNA433820	TRUE	bovine	NA	NA
GCF_009867015.2	Complete Genome	CFS3292	strain : CFS3292; alternate_ID : 52; host : Bos taurus; isolation_source : Bovine adult; collection_date : 2010-01-15; geo_loc_name : France; sample_type : Cell Culture	Escherichia coli	99.35	GCA_000210475.1	82.85	claderef	Escherichia coli	86.46	species_match	category_na	OK	na	99.35	GCA_000210475.1	82.85	claderef	Escherichia coli ETEC H10407	86.46	Escherichia coli	Escherichia coli	99.03	53.90516	1.87	Escherichia coli	species	562	v1.2.2	SAMN08522749	NA	2010-01-15	NA	Escherichia coli	562	Microbe sample from Escherichia coli	France	Bos taurus	NA	Bovine adult	2021-02-28T05:31:29Z	NA	NA	University College Dublin	PRJNA433820	TRUE	bovine	NA	NA
GCF_009867035.2	Complete Genome	CFS3313	strain : CFS3313; alternate_ID : 73; host : Bos taurus; isolation_source : Bovine adult; collection_date : 2010-01-20; geo_loc_name : France; sample_type : Cell Culture	Escherichia coli	99.14	GCA_000010385.1	87.12	claderef	Escherichia coli	88.52	species_match	category_na	OK	na	99.14	GCA_000010385.1	87.12	claderef	Escherichia coli SE11	88.52	Escherichia coli	Escherichia coli	98.63	27.325111	0.31	Escherichia coli	species	562	v1.2.2	SAMN08522770	NA	2010-01-20	NA	Escherichia coli	562	Microbe sample from Escherichia coli	France	Bos taurus	NA	Bovine adult	2021-02-28T05:31:29Z	NA	NA	University College Dublin	PRJNA433820	TRUE	bovine	NA	NA
GCF_009931435.1	Complete Genome	EC42405	strain : EC42405; collected_by : Anses; collection_date : 2015-11-27; geo_loc_name : France; isolation_source : missing; lat_lon : 49.549 N 1.29 E; host : bovine	Escherichia coli	96.43	GCA_000019645.1	84.5	claderef	Escherichia coli	85.4	species_match	category_na	OK	na	96.43	GCA_000019645.1	84.5	claderef	Escherichia coli SMS_3_5	85.4	Escherichia coli	Escherichia coli	99.56	99.959625	0.73	Escherichia coli	species	562	v1.2.2	SAMN12641172	Anses	2015-11-27	NA	Escherichia coli	562	Pathogen: environmental/food/other sample from Escherichia coli	France	bovine	NA	missing	2020-01-01T00:51:41Z	49.549 N 1.29 E	NA	Anses	PRJNA556131	TRUE	bovine	NA	NA
GCF_012278675.1	Complete Genome	54	strain : 54; host : cow; collection_date : 2018; geo_loc_name : China; sample_type : feces	Escherichia coli	99.21	GCA_000210475.1	91.45	claderef	Escherichia coli	81.91	species_match	category_na	OK	na	99.21	GCA_000210475.1	91.45	claderef	Escherichia coli ETEC H10407	81.91	Escherichia coli	Escherichia coli	99.1	58.62145	0.3	Escherichia coli	species	562	v1.2.2	SAMN12158158	NA	2018	NA	Escherichia coli	562	Microbe sample from Escherichia coli	China	cow	NA	NA	2020-04-17T00:38:14Z	NA	NA	The Hong Kong Polytechnic University	PRJNA551552	TRUE	bovine	NA	NA
GCF_014771055.1	Complete Genome	97.3	strain : 97.3; host : Bos taurus; isolation_source : non-specified beef samples; collection_date : 2012-06; geo_loc_name : USA: Midwest; sample_type : Isolate; collected_by : Mick Bosilevac-USDA/ARS; serotype : O68:H12	Escherichia coli O68:H12	99.35	GCA_000210475.1	83.57	claderef	Escherichia coli	80.59	species_match	category_na	OK	na	99.35	GCA_000210475.1	83.57	claderef	Escherichia coli ETEC H10407	80.59	Escherichia coli O68:H12	Escherichia coli	98.56	24.910078	1.6	Escherichia coli	species	562	v1.2.2	SAMN16183872	Mick Bosilevac-USDA/ARS	2012-06	NA	Escherichia coli O68:H12	2773706	Microbe sample from Escherichia coli O68:H12	USA: Midwest	Bos taurus	NA	non-specified beef samples	2021-02-24T10:13:11Z	NA	NA	US Meat Animal Research Center-ARS	PRJNA663878	TRUE	bovine	NA	NA
GCF_014771275.1	Complete Genome	730V1	serotype : O19:H7; strain : 730V1; host : Bos taurus; isolation_source : non-specified beef samples; collection_date : 2013-10; geo_loc_name : USA:West; sample_type : Isolate; collected_by : Mick Bosilevac-USDA/ARS	Escherichia coli O19:H7	98.75	GCA_000210475.1	82.15	claderef	Escherichia coli	80.48	species_match	category_na	OK	na	98.75	GCA_000210475.1	82.15	claderef	Escherichia coli ETEC H10407	80.48	Escherichia coli O19:H7	Escherichia coli	96.83	4.3510976	1.41	Escherichia coli	species	562	v1.2.2	SAMN16183873	Mick Bosilevac-USDA/ARS	2013-10	NA	Escherichia coli O19:H7	2773707	Microbe sample from Escherichia coli O19:H7	USA:West	Bos taurus	NA	non-specified beef samples	2021-02-24T10:25:37Z	NA	NA	US Meat Animal Research Center-ARS	PRJNA663878	TRUE	bovine	NA	NA
GCF_014854575.1	Complete Genome	C311	strain : C311; host : Cow; collection_date : 2018-09; geo_loc_name : Hong Kong; sample_type : feces; collected_by : Stacey, VM; lat_lon : 22.516269 N 114.111979 E; passage_history : 10; temp : ambient	Escherichia coli	99.21	GCA_000010385.1	85.14	claderef	Escherichia coli	88.5	species_match	category_na	OK	na	99.21	GCA_000010385.1	85.14	claderef	Escherichia coli SE11	88.5	Escherichia coli	Escherichia coli	98.54	24.32467	0.25	Escherichia coli	species	562	v1.2.2	SAMN16279676	Stacey, VM	2018-09	NA	Escherichia coli	562	Microbe sample from Escherichia coli	Hong Kong	Cow	NA	NA	2022-09-19T05:30:18Z	22.516269 N 114.111979 E	NA	The Independent Schools Foundation Academy	PRJNA666127	TRUE	bovine	NA	NA
GCF_016780725.1	Complete Genome	EE72d	strain : EE72d; isolation_source : feces; host : Bos taurus; collection_date : 2016-08-31; geo_loc_name : New Zealand: Auckland; sample_type : Bacterial culture; collected_by : Massey University	Escherichia coli	98.45	GCA_000350825.1	86.92	claderef	Escherichia coli	86.69	species_match	category_na	OK	na	98.45	GCA_000350825.1	86.92	claderef	Escherichia coli KTE26	86.69	Escherichia coli	Escherichia coli	99.31	75.42575	0.88	Escherichia coli	species	562	v1.2.2	SAMN15896202	Massey University	2016-08-31	NA	Escherichia coli	562	Microbe sample from Escherichia coli	New Zealand: Auckland	Bos taurus	NA	feces	2021-02-01T10:56:02Z	NA	NA	Massey University	PRJNA659030	TRUE	bovine	NA	NA
GCF_018988345.1	Complete Genome	XJW9B263	strain : XJW9B263; host : Bovine; isolation_source : feces; collection_date : 2018-05-06; geo_loc_name : China: Xinjiang; sample_type : cell culture	Escherichia coli	99.36	GCA_000210475.1	87.7	claderef	Escherichia coli	83.18	species_match	category_na	OK	na	99.36	GCA_000210475.1	87.7	claderef	Escherichia coli ETEC H10407	83.18	Escherichia coli	Escherichia coli	98.51	22.935476	0.31	Escherichia coli	species	562	v1.2.2	SAMN17246086	NA	2018-05-06	NA	Escherichia coli	562	Microbe sample from Escherichia coli	China: Xinjiang	Bovine	NA	feces	2021-06-24T18:38:47Z	NA	NA	South China Agricultural University	PRJNA690212	TRUE	bovine	NA	NA
GCF_018988385.1	Complete Genome	XJW9B277	strain : XJW9B277; host : Bovine; collection_date : 2018-05-07; geo_loc_name : China: Xinjiang; sample_type : cell culture	Escherichia coli	99.28	GCA_000210475.1	82.65	claderef	Escherichia coli	83.17	species_match	category_na	OK	na	99.28	GCA_000210475.1	82.65	claderef	Escherichia coli ETEC H10407	83.17	Escherichia coli	Escherichia coli	97.53	7.1093006	2	Escherichia coli	species	562	v1.2.2	SAMN17245958	NA	2018-05-07	NA	Escherichia coli	562	Microbe sample from Escherichia coli	China: Xinjiang	Bovine	NA	NA	2021-06-24T18:38:47Z	NA	NA	South China Agricultural University	PRJNA690199	TRUE	bovine	NA	NA
GCF_024584905.1	Complete Genome	NADC1036	strain : NADC1036; collected_by : Tom Casey; collection_date : 1963-01-01; geo_loc_name : USA; host : Bos taurus; host_disease : unknown; isolation_source : unknown; lat_lon : unknown; genotype : LT-IIc1v EalAB	Escherichia coli	99.2	GCA_000010385.1	87.59	claderef	Escherichia coli	87.94	species_match	category_na	OK	na	99.2	GCA_000010385.1	87.59	claderef	Escherichia coli SE11	87.94	Escherichia coli	Escherichia coli	99.37	80.404465	0.26	Escherichia coli	species	562	v1.2.3	SAMN04917420	Tom Casey	1963-01-01	NA	Escherichia coli	562	type II ETEC	USA	Bos taurus	unknown	unknown	2021-06-01T10:59:34Z	unknown	NA	University of Colroado Anschutz Medical Campus	PRJNA320137	TRUE	bovine	NA	NA
GCF_024584965.1	Complete Genome	Ceylon31	strain : Ceylon31; collected_by : Peter Echeverria; collection_date : 1986-01-01; geo_loc_name : Sri Lanka; host : Bos taurus; host_disease : unknown; isolation_source : unknown; lat_lon : unknown; genotype : LT-IIc6 EalAB	Escherichia coli	99.18	GCA_000010385.1	90.54	claderef	Escherichia coli	88.38	species_match	category_na	OK	na	99.18	GCA_000010385.1	90.54	claderef	Escherichia coli SE11	88.38	Escherichia coli	Escherichia coli	99.48	89.67555	0.5	Escherichia coli	species	562	v1.2.3	SAMN04917417	Peter Echeverria	1986-01-01	NA	Escherichia coli	562	type II ETEC	Sri Lanka	Bos taurus	unknown	unknown	2021-06-01T10:59:34Z	unknown	NA	University of Colroado Anschutz Medical Campus	PRJNA320137	TRUE	bovine	NA	NA
GCF_025200555.1	Complete Genome	USDA-ARS-USMARC-51408	strain : USDA-ARS-USMARC-51408; isolate : not applicable; collected_by : missing; collection_date : 2013-10-01; geo_loc_name : USA:Kansas; host : Bos taurus; host_disease : missing; isolation_source : feedlot; lat_lon : missing; host_age : 5-7 months; host_description : calf; host_health_state : alive; host_subject_id : 110; host_tissue_sampled : rectoanal junction mucosa; num_replicons : 3; host_taxid : 9913; samp_collect_device : swab; samp_mat_process : Rectoanal junction mucosal swab samples were collected using foam tipped swabs as described in PMID: 27052855. Swab samples were spiral plated (50ul per plate) onto MacConkey Agar containing either azithromycin (16mg/L) or cefotaxime (8mg/L). Colonies demonstrating azithromycin or cefotaxime resistance were selected for further analysis.	Escherichia coli	99.36	GCA_000210475.1	88.23	claderef	Escherichia coli	83.05	species_match	category_na	OK	na	99.36	GCA_000210475.1	88.23	claderef	Escherichia coli ETEC H10407	83.05	Escherichia coli	Escherichia coli	99.45	86.48425	1.51	Escherichia coli	species	562	v1.2.2	SAMN30466959	missing	2013-10-01	alternate sampled site label is anorectal junction (http://purl.bioontology.org/ontology/SNOMEDCT/57444000)  mucosa	Escherichia coli	562	Pathogen: clinical or host-associated sample from Escherichia coli	USA:Kansas	Bos taurus	missing	feedlot	2022-08-30T12:06:20Z	missing	NA	USDA-ARS-USMARC	PRJNA281531	TRUE	bovine	NA	NA
GCF_025200615.1	Complete Genome	USDA-ARS-USMARC-51688	strain : USDA-ARS-USMARC-51688; isolate : not applicable; collected_by : missing; collection_date : 2013-10-04; geo_loc_name : USA:Kansas; host : Bos taurus; host_disease : missing; isolation_source : feedlot; lat_lon : missing; host_age : 5-7 months; host_description : calf; host_health_state : alive; host_subject_id : 250; host_tissue_sampled : rectoanal junction mucosa; num_replicons : 2; host_taxid : 9913; samp_collect_device : swab; samp_mat_process : Rectoanal junction mucosal swab samples were collected using foam tipped swabs as described in PMID: 27052855. Swab samples were spiral plated (50ul per plate) onto MacConkey Agar containing either azithromycin (16mg/L) or cefotaxime (8mg/L). Colonies demonstrating azithromycin or cefotaxime resistance were selected for further analysis.	Escherichia coli	99.08	GCA_000210475.1	89.05	claderef	Escherichia coli	79.13	species_match	category_na	OK	na	99.08	GCA_000210475.1	89.05	claderef	Escherichia coli ETEC H10407	79.13	Escherichia coli	Escherichia coli	98.2	14.581957	0.93	Escherichia coli	species	562	v1.2.2	SAMN30466960	missing	2013-10-04	alternate sampled site label is anorectal junction (http://purl.bioontology.org/ontology/SNOMEDCT/57444000)  mucosa	Escherichia coli	562	Pathogen: clinical or host-associated sample from Escherichia coli	USA:Kansas	Bos taurus	missing	feedlot	2022-08-30T12:06:21Z	missing	NA	USDA-ARS-USMARC	PRJNA281531	TRUE	bovine	NA	NA
GCF_025200635.1	Complete Genome	USDA-ARS-USMARC-50748	strain : USDA-ARS-USMARC-50748; isolate : not applicable; collected_by : missing; collection_date : 2013-10-28; geo_loc_name : USA:Kansas; host : Bos taurus; host_disease : missing; isolation_source : feedlot; lat_lon : missing; host_age : 5-7 months; host_description : calf; host_health_state : alive; host_subject_id : 170; host_tissue_sampled : rectoanal junction mucosa; num_replicons : 4; host_taxid : 9913; samp_collect_device : swab; samp_mat_process : Rectoanal junction mucosal swab samples were collected using foam tipped swabs as described in PMID: 27052855. Swab samples were spiral plated (50ul per plate) onto MacConkey Agar containing either azithromycin (16mg/L) or cefotaxime (8mg/L). Colonies demonstrating azithromycin or cefotaxime resistance were selected for further analysis.	Escherichia coli	99.11	GCA_000010385.1	88.17	claderef	Escherichia coli	88.45	species_match	category_na	OK	na	99.11	GCA_000010385.1	88.17	claderef	Escherichia coli SE11	88.45	Escherichia coli	Escherichia coli	99.17	63.908463	0.69	Escherichia coli	species	562	v1.2.2	SAMN30466958	missing	2013-10-28	alternate sampled site label is anorectal junction (http://purl.bioontology.org/ontology/SNOMEDCT/57444000)  mucosa	Escherichia coli	562	Pathogen: clinical or host-associated sample from Escherichia coli	USA:Kansas	Bos taurus	missing	feedlot	2022-08-30T12:06:20Z	missing	NA	USDA-ARS-USMARC	PRJNA281531	TRUE	bovine	NA	NA
GCF_025200675.1	Complete Genome	USDA-ARS-USMARC-49610	strain : USDA-ARS-USMARC-49610; isolate : not applicable; collected_by : missing; collection_date : 2013-09-28; geo_loc_name : USA:Kentucky; host : Bos taurus; host_disease : missing; isolation_source : feedlot; lat_lon : missing; host_age : 5-7 months; host_description : calf; host_health_state : alive; host_subject_id : 238; host_tissue_sampled : rectoanal junction mucosa; num_replicons : 3; host_taxid : 9913; samp_collect_device : swab; samp_mat_process : Rectoanal junction mucosal swab samples were collected using foam tipped swabs as described in PMID: 27052855. Swab samples were spiral plated (50ul per plate) onto MacConkey Agar containing either azithromycin (16mg/L) or cefotaxime (8mg/L). Colonies demonstrating azithromycin or cefotaxime resistance were selected for further analysis.	Escherichia coli	98.99	GCA_000010385.1	89.53	claderef	Escherichia coli	83.82	species_match	category_na	OK	na	98.99	GCA_000010385.1	89.53	claderef	Escherichia coli SE11	83.82	Escherichia coli	Escherichia coli	98.24	15.438964	0.6	Escherichia coli	species	562	v1.2.2	SAMN30466956	missing	2013-09-28	alternate sampled site label is anorectal junction (http://purl.bioontology.org/ontology/SNOMEDCT/57444000)  mucosa	Escherichia coli	562	Pathogen: clinical or host-associated sample from Escherichia coli	USA:Kentucky	Bos taurus	missing	feedlot	2022-08-30T12:06:20Z	missing	NA	USDA-ARS-USMARC	PRJNA281531	TRUE	bovine	NA	NA
GCF_025399135.1	Complete Genome	PNUSAE008512	strain : PNUSAE008512; collected_by : CDC; collection_date : 2017-07; geo_loc_name : USA:UT; isolation_source : bull manure; lat_lon : Missing; host : Bull; host_disease : Missing; serotype : O157:H7; source_type : animal	Escherichia coli	99.91	GCA_001281725.1	93.37	claderef	Escherichia coli	98.33	species_match	category_na	OK	na	99.91	GCA_001281725.1	93.37	claderef	Escherichia coli	98.33	Escherichia coli	Escherichia coli	99.13	60.610733	0.15	Escherichia coli	species	562	v1.2.3	SAMN07375592	CDC	2017-07	NA	Escherichia coli	562	Pathogen: environmental/food/other sample from Escherichia coli	USA:UT	Bull	Missing	bull manure	2024-07-22T14:36:38Z	Missing	NA	PulseNet Next Generation Subtyping Methods Unit	PRJNA812595	TRUE	bovine	NA	NA
GCF_025908275.1	Complete Genome	TL-14	strain : TL-14; host : Bovine; isolation_source : Diarrhea feces of calves; collection_date : 2021-12-28; geo_loc_name : China:Tongliao; sample_type : cell culture; isolate : missing	Escherichia coli	99.27	GCA_000210475.1	90.03	claderef	Escherichia coli	83.17	species_match	category_na	OK	na	99.27	GCA_000210475.1	90.03	claderef	Escherichia coli ETEC H10407	83.17	Escherichia coli	Escherichia coli	96.88	4.4795566000000004	0.44	Escherichia coli	species	562	v1.2.2	SAMN31266533	NA	2021-12-28	NA	Escherichia coli	562	Microbe sample from Escherichia coli	China:Tongliao	Bovine	NA	Diarrhea feces of calves	2022-10-20T12:53:37Z	NA	NA	Inner Mongolia Minzu University	PRJNA890057	TRUE	bovine	NA	NA
GCF_027925685.1	Complete Genome	20.1	sample_name : 20.1; collected_by : missing; collection_date : 2008; geo_loc_name : Belgium; host : Bos taurus; host_disease : missing; isolation_source : missing; lat_lon : missing; locus_tag_prefix : B201; pathotype : STEC; serotype : O26:H11; strain : 20.1	Escherichia coli	98.9	GCA_000459055.1	77.88	claderef	Escherichia coli	87.29	species_match	category_na	OK	na	98.9	GCA_000459055.1	77.88	claderef	Escherichia coli HVH 200 (4_4449924)	87.29	Escherichia coli	Escherichia coli	98.99	48.84387	0.71	Escherichia coli	species	562	v1.2.2	SAMD00562884	missing	2008	stx1a-positive	Escherichia coli	562	Escherichia coli strain 20.1	Belgium	Bos taurus	missing	missing	2024-06-02T14:37:55Z	missing	NA	Kyushu University	PRJDB14896	TRUE	bovine	NA	NA
GCF_029224065.1	Complete Genome	XJ6-3	strain : XJ6-3; host : bovine; collection_date : 2018-08-30; geo_loc_name : China:loess plateau; sample_type : whole organism	Escherichia coli	98.66	GCA_001865905.1	87.7	claderef	Escherichia coli	81.5	species_match	category_na	OK	na	98.66	GCA_001865905.1	87.7	claderef	Escherichia coli	81.5	Escherichia coli	Escherichia coli	99.23	68.61925	2.32	Escherichia coli	species	562	v1.2.2	SAMN18927628	NA	2018-08-30	NA	Escherichia coli	562	Microbe sample from Escherichia coli	China:loess plateau	bovine	NA	NA	2022-11-24T04:14:02Z	NA	NA	Lanzhou Institute of Husbandry and Pharmaceutical Sciences, Chinese Academy of Agricultural Science	PRJNA726286	TRUE	bovine	NA	NA
GCF_029224085.1	Complete Genome	XJ55	strain : XJ55; host : bovine; collection_date : 2018-08-30; geo_loc_name : China:loess plateau; sample_type : whole organism	Escherichia coli	99.17	GCA_000010385.1	87.73	claderef	Escherichia coli	86.47	species_match	category_na	OK	na	99.17	GCA_000010385.1	87.73	claderef	Escherichia coli SE11	86.47	Escherichia coli	Escherichia coli	99.56	99.959625	1.7	Escherichia coli	species	562	v1.2.2	SAMN18927774	NA	2018-08-30	NA	Escherichia coli	562	Microbe sample from Escherichia coli	China:loess plateau	bovine	NA	NA	2022-11-24T04:15:03Z	NA	NA	Lanzhou Institute of Husbandry and Pharmaceutical Sciences, Chinese Academy of Agricultural Science	PRJNA726328	TRUE	bovine	NA	NA
GCF_029224105.1	Complete Genome	XJ34	strain : XJ34; host : bovine; collection_date : 2018-08-30; geo_loc_name : China:loess plateau; sample_type : whole organism	Escherichia coli	98.64	GCA_001865905.1	86.54	claderef	Escherichia coli	81.64	species_match	category_na	OK	na	98.64	GCA_001865905.1	86.54	claderef	Escherichia coli	81.64	Escherichia coli	Escherichia coli	99.23	68.61925	2.32	Escherichia coli	species	562	v1.2.2	SAMN18927803	NA	2018-08-30	NA	Escherichia coli	562	Microbe sample from Escherichia coli	China:loess plateau	bovine	NA	NA	2022-11-24T04:15:02Z	NA	NA	Lanzhou Institute of Husbandry and Pharmaceutical Sciences, Chinese Academy of Agricultural Science	PRJNA726332	TRUE	bovine	NA	NA
GCF_029224125.1	Complete Genome	ZYB39	strain : ZYB39; host : bovine; collection_date : 2018-12-01; geo_loc_name : China:loess plateau; sample_type : whole organism	Escherichia coli	99.22	GCA_000010385.1	81.53	claderef	Escherichia coli	85.42	species_match	category_na	OK	na	99.22	GCA_000010385.1	81.53	claderef	Escherichia coli SE11	85.42	Escherichia coli	Escherichia coli	99.08	57.103794	2.41	Escherichia coli	species	562	v1.2.2	SAMN18928494	NA	2018-12-01	NA	Escherichia coli	562	Microbe sample from Escherichia coli	China:loess plateau	bovine	NA	NA	2022-11-24T04:15:02Z	NA	NA	Lanzhou Institute of Husbandry and Pharmaceutical Sciences, Chinese Academy of Agricultural Science	PRJNA726356	TRUE	bovine	NA	NA
GCF_029227835.1	Complete Genome	XJ5.2	strain : XJ5.2; host : bovine; collection_date : 2018-08-30; geo_loc_name : China:loess plateau; sample_type : whole organism	Escherichia coli	98.58	GCA_000210475.1	84.46	claderef	Escherichia coli	76.65	species_match	category_na	OK	na	98.58	GCA_000210475.1	84.46	claderef	Escherichia coli ETEC H10407	76.65	Escherichia coli	Escherichia coli	97.08	5.0539527	1.76	Escherichia coli	species	562	v1.2.2	SAMN18917646	NA	2018-08-30	NA	Escherichia coli	562	Microbe sample from Escherichia coli	China:loess plateau	bovine	NA	NA	2022-11-24T04:13:01Z	NA	NA	Lanzhou Institute of Husbandry and Pharmaceutical Sciences, Chinese Academy of Agricultural Science	PRJNA725999	TRUE	bovine	NA	NA
GCF_029227855.1	Complete Genome	XJ6.1	strain : XJ6.1; host : bovine; collection_date : 2018-08-30; geo_loc_name : China:loess plateau; sample_type : whole organism	Escherichia coli	98.04	GCA_000350825.1	85.56	claderef	Escherichia coli	84.96	species_match	category_na	OK	na	98.04	GCA_000350825.1	85.56	claderef	Escherichia coli KTE26	84.96	Escherichia coli	Escherichia coli	99.24	70.47823	1.84	Escherichia coli	species	562	v1.2.2	SAMN18917855	NA	2018-08-30	NA	Escherichia coli	562	Microbe sample from Escherichia coli	China:loess plateau	bovine	NA	NA	2022-11-24T04:14:02Z	NA	NA	Lanzhou Institute of Husbandry and Pharmaceutical Sciences, Chinese Academy of Agricultural Science	PRJNA726008	TRUE	bovine	NA	NA
GCF_029227875.1	Complete Genome	XJ6.2	strain : XJ6.2; host : bovine; collection_date : 2018-08-30; geo_loc_name : China:loess plateau; sample_type : whole organism	Escherichia coli	99.41	GCA_000210475.1	92.12	claderef	Escherichia coli	82.8	species_match	category_na	OK	na	99.41	GCA_000210475.1	92.12	claderef	Escherichia coli ETEC H10407	82.8	Escherichia coli	Escherichia coli	98.13	13.207443	0.32	Escherichia coli	species	562	v1.2.2	SAMN18917930	NA	2018-08-30	NA	Escherichia coli	562	Microbe sample from Escherichia coli	China:loess plateau	bovine	NA	NA	2022-11-24T04:14:02Z	NA	NA	Lanzhou Institute of Husbandry and Pharmaceutical Sciences, Chinese Academy of Agricultural Science	PRJNA726015	TRUE	bovine	NA	NA
GCF_029227895.1	Complete Genome	ZYB62	strain : ZYB62; host : bovine; collection_date : 2018-12-01; geo_loc_name : China:loess plateau; sample_type : whole organism	Escherichia coli	99.19	GCA_000010385.1	84.52	claderef	Escherichia coli	86.28	species_match	category_na	OK	na	99.19	GCA_000010385.1	84.52	claderef	Escherichia coli SE11	86.28	Escherichia coli	Escherichia coli	99.48	89.67555	1.88	Escherichia coli	species	562	v1.2.2	SAMN19028101	NA	2018-12-01	NA	Escherichia coli	562	Microbe sample from Escherichia coli	China:loess plateau	bovine	NA	NA	2022-11-24T04:15:02Z	NA	NA	Lanzhou Institute of Husbandry and Pharmaceutical Sciences, Chinese Academy of Agricultural Science	PRJNA727665	TRUE	bovine	NA	NA
GCF_029318975.1	Complete Genome	E92	strain : E92; host : bovine; collection_date : 2020-12; geo_loc_name : China:Hebei; sample_type : pure culture	Escherichia coli	99.43	GCA_000459055.1	80.43	claderef	Escherichia coli	87.79	species_match	category_na	OK	na	99.43	GCA_000459055.1	80.43	claderef	Escherichia coli HVH 200 (4_4449924)	87.79	Escherichia coli	Escherichia coli	99.08	57.103794	1.77	Escherichia coli	species	562	v1.2.2	SAMN33693441	NA	2020-12	NA	Escherichia coli	562	Microbe sample from Escherichia coli	China:Hebei	bovine	NA	NA	2023-03-09T04:31:08Z	NA	NA	Chinese Academy of Agricultural Sciences	PRJNA942473	TRUE	bovine	NA	NA
GCF_029319035.1	Complete Genome	E94	strain : E94; host : bovine; collection_date : 2020-12; geo_loc_name : China:Hebei; sample_type : pure culture	Escherichia coli	99.43	GCA_000459055.1	80.45	claderef	Escherichia coli	87.8	species_match	category_na	OK	na	99.43	GCA_000459055.1	80.45	claderef	Escherichia coli HVH 200 (4_4449924)	87.8	Escherichia coli	Escherichia coli	99.08	57.103794	1.77	Escherichia coli	species	562	v1.2.2	SAMN33693442	NA	2020-12	NA	Escherichia coli	562	Microbe sample from Escherichia coli	China:Hebei	bovine	NA	NA	2023-03-09T04:31:08Z	NA	NA	Chinese Academy of Agricultural Sciences	PRJNA942474	TRUE	bovine	NA	NA
GCF_029625135.1	Complete Genome	E47	strain : E47; host : bovine; collection_date : 2020-12; geo_loc_name : China:Hebei; sample_type : pure culture	Escherichia coli	99.13	GCA_000010385.1	83	claderef	Escherichia coli	86.91	species_match	category_na	OK	na	99.13	GCA_000010385.1	83	claderef	Escherichia coli SE11	86.91	Escherichia coli	Escherichia coli	99.39	81.61565	2.08	Escherichia coli	species	562	v1.2.2	SAMN33924087	NA	2020-12	NA	Escherichia coli	562	Microbe sample from Escherichia coli	China:Hebei	bovine	NA	NA	2023-03-27T05:47:08Z	NA	NA	Chinese Academy of Agricultural Sciences	PRJNA949005	TRUE	bovine	NA	NA
GCF_029625155.1	Complete Genome	E57	strain : E57; host : bovine; collection_date : 2020-12; geo_loc_name : China:Hebei; sample_type : pure culture	Escherichia coli	98.62	GCA_000019645.1	89.63	claderef	Escherichia coli	87.14	species_match	category_na	OK	na	98.62	GCA_000019645.1	89.63	claderef	Escherichia coli SMS_3_5	87.14	Escherichia coli	Escherichia coli	98.19	14.363576	0.45	Escherichia coli	species	562	v1.2.2	SAMN33924089	NA	2020-12	NA	Escherichia coli	562	Microbe sample from Escherichia coli	China:Hebei	bovine	NA	NA	2023-03-27T05:47:08Z	NA	NA	Chinese Academy of Agricultural Sciences	PRJNA949008	TRUE	bovine	NA	NA
GCF_029625175.1	Complete Genome	E89	strain : E89; host : bovine; collection_date : 2020-12; geo_loc_name : China:Hebei; sample_type : pure culture	Escherichia coli	99.17	GCA_000210475.1	90.38	claderef	Escherichia coli	83.77	species_match	category_na	OK	na	99.17	GCA_000210475.1	90.38	claderef	Escherichia coli ETEC H10407	83.77	Escherichia coli	Escherichia coli	97.55	7.267122	0.36	Escherichia coli	species	562	v1.2.2	SAMN33924091	NA	2020-12	NA	Escherichia coli	562	Microbe sample from Escherichia coli	China:Hebei	bovine	NA	NA	2023-03-27T05:47:08Z	NA	NA	Chinese Academy of Agricultural Sciences	PRJNA949011	TRUE	bovine	NA	NA
GCF_029625195.1	Complete Genome	E67	strain : E67; host : bovine; collection_date : 2020-12; geo_loc_name : China:Hebei; sample_type : pure culture	Escherichia coli	98.62	GCA_000019645.1	89.95	claderef	Escherichia coli	87.12	species_match	category_na	OK	na	98.62	GCA_000019645.1	89.95	claderef	Escherichia coli SMS_3_5	87.12	Escherichia coli	Escherichia coli	98.19	14.363576	0.45	Escherichia coli	species	562	v1.2.2	SAMN33924090	NA	2020-12	NA	Escherichia coli	562	Microbe sample from Escherichia coli	China:Hebei	bovine	NA	NA	2023-03-27T05:47:08Z	NA	NA	Chinese Academy of Agricultural Sciences	PRJNA949010	TRUE	bovine	NA	NA
GCF_029625455.1	Complete Genome	E50	strain : E50; host : bovine; collection_date : 2020-12; geo_loc_name : China:Hebei; sample_type : pure culture	Escherichia coli	98.62	GCA_000019645.1	89.95	claderef	Escherichia coli	87.12	species_match	category_na	OK	na	98.62	GCA_000019645.1	89.95	claderef	Escherichia coli SMS_3_5	87.12	Escherichia coli	Escherichia coli	98.19	14.363576	0.45	Escherichia coli	species	562	v1.2.2	SAMN33924088	NA	2020-12	NA	Escherichia coli	562	Microbe sample from Escherichia coli	China:Hebei	bovine	NA	NA	2023-03-27T05:47:08Z	NA	NA	Chinese Academy of Agricultural Sciences	PRJNA949007	TRUE	bovine	NA	NA
GCF_029854375.1	Complete Genome	NWU_4	strain : NWU_4; collected_by : Abolarinwa T.O.; collection_date : 2021-04-20; host : Bos taurus; host_disease : gastroenteritis (diarrhoea); lat_lon : 27 S 26 E; geo_loc_name : South Africa: North West University farm; isolate : missing; isolation_source : missing; subsrc_note : STEC	Escherichia coli	99.26	GCA_000010385.1	92.27	claderef	Escherichia coli	85.91	species_match	category_na	OK	na	99.26	GCA_000010385.1	92.27	claderef	Escherichia coli SE11	85.91	Escherichia coli	Escherichia coli	99.35	78.66109	0.23	Escherichia coli	species	562	v1.2.2	SAMN33842744	Abolarinwa T.O.	2021-04-20	NA	Escherichia coli	562	Pathogen: clinical or host-associated sample from Escherichia coli	South Africa: North West University farm	Bos taurus	gastroenteritis (diarrhoea)	missing	2023-04-14T08:34:41Z	27 S 26 E	NA	NORTH-WEST UNIVERSITY	PRJNA947151	TRUE	bovine	NA	NA
GCF_029854395.1	Complete Genome	NWU_3	strain : NWU_3; collected_by : Abolarinwa T.O.; collection_date : 2021-04-20; host : Bos taurus; host_disease : gastroenteritis; lat_lon : 27 S 26 E; geo_loc_name : South Africa: North West University farm; isolate : missing; isolation_source : missing; Tax ID : 3041057	Escherichia coli O155	99.26	GCA_000010385.1	92.59	claderef	Escherichia coli	85.87	species_match	category_na	OK	na	99.26	GCA_000010385.1	92.59	claderef	Escherichia coli SE11	85.87	Escherichia coli O155	Escherichia coli	99.35	78.66109	0.23	Escherichia coli	species	562	v1.2.2	SAMN33841339	Abolarinwa T.O.	2021-04-20	NA	Escherichia coli O155	3041057	Pathogen: clinical or host-associated sample from Escherichia coli O155	South Africa: North West University farm	Bos taurus	gastroenteritis	missing	2023-04-17T08:50:58Z	27 S 26 E	NA	NORTH-WEST UNIVERSITY	PRJNA947104	TRUE	bovine	NA	NA
GCF_030285485.1	Complete Genome	C41	strain : C41; alternate_ID : VKM B-3707D; host : Bos taurus; isolation_source : feces; collection_date : 2020-07; geo_loc_name : Russia: Perm krai; sample_type : Cell culture; culture_collection : VKM:B-3707D; collected_by : Kuznetsova Marina, Mihailovskaya Veronika	Escherichia coli	99.11	GCA_000010385.1	88.87	claderef	Escherichia coli	89.03	species_match	category_na	OK	na	99.11	GCA_000010385.1	88.87	claderef	Escherichia coli SE11	89.03	Escherichia coli	Escherichia coli	97.76	8.970124	0.22	Escherichia coli	species	562	v1.2.2	SAMN35637331	Kuznetsova Marina, Mihailovskaya Veronika	2020-07	NA	Escherichia coli	562	E. coli C41 WGS	Russia: Perm krai	Bos taurus	NA	feces	2023-06-13T13:59:13Z	NA	NA	Skolkovo Institute of Science and Technology	PRJNA980458	TRUE	bovine	NA	NA
GCF_030285565.1	Complete Genome	C51	strain : C51; alternate_ID : Cow_51; host : Bos taurus; isolation_source : feces; collection_date : 2020-07; geo_loc_name : Russia: Perm krai; sample_type : Cell culture; collected_by : Kuznetsova Marina, Mihailovskaya Valentina	Escherichia coli	99.15	GCA_000010385.1	82.69	claderef	Escherichia coli	88.28	species_match	category_na	OK	na	99.15	GCA_000010385.1	82.69	claderef	Escherichia coli SE11	88.28	Escherichia coli	Escherichia coli	97.27	5.8595757	0.54	Escherichia coli	species	562	v1.2.2	SAMN35637912	Kuznetsova Marina, Mihailovskaya Valentina	2020-07	NA	Escherichia coli	562	E. coli C51 WGS	Russia: Perm krai	Bos taurus	NA	feces	2023-06-08T06:26:58Z	NA	NA	Skolkovo Institute of Science and Technology	PRJNA980462	TRUE	bovine	NA	NA
GCF_030285605.1	Complete Genome	C25	strain : C25; alternate_ID : Cow_25; host : Bos taurus; isolation_source : feces; collection_date : 2020-07; geo_loc_name : Russia: Perm krai; sample_type : Cell culture; collected_by : Kuznetsova Marina, Mihailovskaya Valentina	Escherichia coli	99.01	GCA_000013265.1	88.11	claderef	Escherichia coli	89.19	species_match	category_na	OK	na	99.01	GCA_000013265.1	88.11	claderef	Escherichia coli UTI89	89.19	Escherichia coli	Escherichia coli	97.17	5.420979	0.53	Escherichia coli	species	562	v1.2.2	SAMN35637911	Kuznetsova Marina, Mihailovskaya Valentina	2020-07	NA	Escherichia coli	562	E. coli C25 WGS	Russia: Perm krai	Bos taurus	NA	feces	2023-06-08T06:26:51Z	NA	NA	Skolkovo Institute of Science and Technology	PRJNA980462	TRUE	bovine	NA	NA
GCF_030419025.1	Complete Genome	CE0032f	host : Bos taurus; isolation_source : feces; collection_date : 2014-09-15; geo_loc_name : New Zealand; sample_type : bacterial culture; isolate : missing; strain : CE0032f	Escherichia coli	99.71	GCA_000459055.1	92.26	claderef	Escherichia coli	93.25	species_match	category_na	OK	na	99.71	GCA_000459055.1	92.26	claderef	Escherichia coli HVH 200 (4_4449924)	93.25	Escherichia coli	Escherichia coli	99.41	83.75175	0.58	Escherichia coli	species	562	v1.2.3	SAMN33425322	NA	2014-09-15	NA	Escherichia coli	562	Microbe sample from Escherichia coli	New Zealand	Bos taurus	NA	feces	2023-07-05T15:45:01Z	NA	NA	Massey University	PRJNA938096	TRUE	bovine	NA	NA
GCF_030419045.1	Complete Genome	CE0026f	host : Bos taurus; isolation_source : feces; collection_date : 2014-09-17; geo_loc_name : New Zealand; sample_type : bacterial culture; isolate : missing; strain : CE0026f	Escherichia coli	99.71	GCA_000459055.1	90.55	claderef	Escherichia coli	92.46	species_match	category_na	OK	na	99.71	GCA_000459055.1	90.55	claderef	Escherichia coli HVH 200 (4_4449924)	92.46	Escherichia coli	Escherichia coli	99.46	87.939514	0.79	Escherichia coli	species	562	v1.2.3	SAMN33425319	NA	2014-09-17	NA	Escherichia coli	562	Microbe sample from Escherichia coli	New Zealand	Bos taurus	NA	feces	2023-07-05T15:45:01Z	NA	NA	Massey University	PRJNA938096	TRUE	bovine	NA	NA
GCF_030419065.1	Complete Genome	CE0026a	host : Bos taurus; isolation_source : feces; collection_date : 2014-09-17; geo_loc_name : New Zealand; sample_type : bacterial culture; isolate : missing; strain : CE0026a	Escherichia coli	99.72	GCA_000459055.1	91.08	claderef	Escherichia coli	91.14	species_match	category_na	OK	na	99.72	GCA_000459055.1	91.08	claderef	Escherichia coli HVH 200 (4_4449924)	91.14	Escherichia coli	Escherichia coli	98.83	36.12824	0.62	Escherichia coli	species	562	v1.2.3	SAMN33425318	NA	2014-09-17	NA	Escherichia coli	562	Microbe sample from Escherichia coli	New Zealand	Bos taurus	NA	feces	2023-07-05T15:45:01Z	NA	NA	Massey University	PRJNA938096	TRUE	bovine	NA	NA
GCF_030419085.1	Complete Genome	CE0021a	host : Bos taurus; isolation_source : feces; collection_date : 2014-09-17; geo_loc_name : New Zealand; sample_type : bacterial culture; isolate : missing; strain : CE0021a	Escherichia coli	99.61	GCA_000459055.1	87.16	claderef	Escherichia coli	89.28	species_match	category_na	OK	na	99.61	GCA_000459055.1	87.16	claderef	Escherichia coli HVH 200 (4_4449924)	89.28	Escherichia coli	Escherichia coli	99.16	62.869778	0.4	Escherichia coli	species	562	v1.2.3	SAMN33425314	NA	2014-09-17	NA	Escherichia coli	562	Microbe sample from Escherichia coli	New Zealand	Bos taurus	NA	feces	2023-07-05T15:45:02Z	NA	NA	Massey University	PRJNA938096	TRUE	bovine	NA	NA
GCF_030419105.1	Complete Genome	CE0011b	host : Bos taurus; isolation_source : feces; collection_date : 2014-09-15; geo_loc_name : New Zealand; sample_type : bacterial culture; isolate : missing; strain : CE0011b	Escherichia coli	99.35	GCA_000210475.1	86.7	claderef	Escherichia coli	85.57	species_match	category_na	OK	na	99.35	GCA_000210475.1	86.7	claderef	Escherichia coli ETEC H10407	85.57	Escherichia coli	Escherichia coli	98.71	30.5109	0.68	Escherichia coli	species	562	v1.2.3	SAMN33425307	NA	2014-09-15	NA	Escherichia coli	562	Microbe sample from Escherichia coli	New Zealand	Bos taurus	NA	feces	2023-07-05T15:45:01Z	NA	NA	Massey University	PRJNA938096	TRUE	bovine	NA	NA
GCF_030419125.1	Complete Genome	CE0007a	host : Bos taurus; isolation_source : feces; collection_date : 2014-09-11; geo_loc_name : New Zealand; sample_type : bacterial culture; isolate : missing; strain : CE0007a	Escherichia coli	99.61	GCA_000350825.1	89.26	claderef	Escherichia coli	92.28	species_match	category_na	OK	na	99.61	GCA_000350825.1	89.26	claderef	Escherichia coli KTE26	92.28	Escherichia coli	Escherichia coli	99.08	57.103794	1.62	Escherichia coli	species	562	v1.2.3	SAMN33425303	NA	2014-09-11	NA	Escherichia coli	562	Microbe sample from Escherichia coli	New Zealand	Bos taurus	NA	feces	2023-07-05T15:45:01Z	NA	NA	Massey University	PRJNA938096	TRUE	bovine	NA	NA
GCF_033971045.1	Complete Genome	FRIK1989	strain : FRIK1989; collection_date : 1991; env_broad_scale : Dairy Cattle production; env_local_scale : Cattle feces; env_medium : feces; geo_loc_name : USA; host : Bos taurus; isol_growth_condt : 10.1073/pnas.96.23.13288; lat_lon : 42.0308 N 93.6319 W; num_replicons : 2; ref_biomaterial : 10.1073/pnas.96.23.13288	Escherichia coli	99.92	GCA_001281725.1	91.68	claderef	Escherichia coli	98.54	species_match	category_na	OK	na	99.92	GCA_001281725.1	91.68	claderef	Escherichia coli	98.54	Escherichia coli	Escherichia coli	99.56	99.959625	0.15	Escherichia coli	species	562	v1.2.2	SAMN31023064	NA	1991	Keywords: GSC:MIxS;MIGS:6.0	Escherichia coli	562	MIGS Cultured Bacterial/Archaeal sample from Escherichia coli	USA	Bos taurus	NA	NA	2022-11-17T09:09:01Z	42.0308 N 93.6319 W	NA	USDA-ARS	PRJNA884395	TRUE	bovine	NA	NA
GCF_035582475.1	Complete Genome	W24	strain : W24; host : calf; isolation_source : Anal swab; collection_date : 2016; geo_loc_name : China:Xinjiang; sample_type : germ	Escherichia coli	99.18	GCA_000010385.1	87.36	claderef	Escherichia coli	88.57	species_match	category_na	OK	na	99.18	GCA_000010385.1	87.36	claderef	Escherichia coli SE11	88.57	Escherichia coli	Escherichia coli	99.45	86.48425	0.93	Escherichia coli	species	562	v1.2.2	SAMN38703811	NA	2016	NA	Escherichia coli	562	Microbe sample from Escherichia coli	China:Xinjiang	calf	NA	Anal swab	2023-12-07T13:01:04Z	NA	NA	Xinjiang Agricultural University	PRJNA1049610	TRUE	bovine	NA	NA
GCF_039909515.1	Complete Genome	UTAK-4	strain : UTAK-4; collected_by : NA; collection_date : 2013; geo_loc_name : USA; isolation_source : culture; lat_lon : NA; serotype : O45; host : Bos taurus	Escherichia coli	99	GCA_000010385.1	81.96	claderef	Escherichia coli	90.15	species_match	category_na	OK	na	99	GCA_000010385.1	81.96	claderef	Escherichia coli SE11	90.15	Escherichia coli	Escherichia coli	97.93	10.399692	0.15	Escherichia coli	species	562	v1.2.2	SAMN41050901	NA	2013	NA	Escherichia coli	562	Pathogen: environmental/food/other sample from Escherichia coli	USA	Bos taurus	NA	culture	2024-04-24T11:59:30Z	NA	NA	The University of Texas at San Antonio	PRJNA935790	TRUE	bovine	NA	NA
GCF_039909815.1	Complete Genome	UTAK-18	strain : UTAK-18; collected_by : NA; collection_date : 2013; geo_loc_name : USA; isolation_source : culture; lat_lon : NA; serotype : O45; host : Bos taurus	Escherichia coli	99.18	GCA_000010385.1	90.15	claderef	Escherichia coli	87.13	species_match	category_na	OK	na	99.18	GCA_000010385.1	90.15	claderef	Escherichia coli SE11	87.13	Escherichia coli	Escherichia coli	97.65	8.041548	0.23	Escherichia coli	species	562	v1.2.2	SAMN41050890	NA	2013	NA	Escherichia coli	562	Pathogen: environmental/food/other sample from Escherichia coli	USA	Bos taurus	NA	culture	2024-04-24T11:59:33Z	NA	NA	The University of Texas at San Antonio	PRJNA935790	TRUE	bovine	NA	NA
GCF_039911655.1	Complete Genome	UTAK-6	strain : UTAK-6; collected_by : NA; collection_date : 2013; geo_loc_name : USA; isolation_source : culture; lat_lon : NA; serotype : O45; host : Bos taurus	Escherichia coli	99.03	GCA_000010385.1	77.77	claderef	Escherichia coli	88.57	species_match	category_na	OK	na	99.03	GCA_000010385.1	77.77	claderef	Escherichia coli SE11	88.57	Escherichia coli	Escherichia coli	96.08	2.9435513	0.81	Escherichia coli	species	562	v1.2.2	SAMN41050896	NA	2013	NA	Escherichia coli	562	Pathogen: environmental/food/other sample from Escherichia coli	USA	Bos taurus	NA	culture	2024-04-24T11:59:30Z	NA	NA	The University of Texas at San Antonio	PRJNA935790	TRUE	bovine	NA	NA
GCF_039912305.1	Complete Genome	UTAK-3	strain : UTAK-3; collected_by : NA; collection_date : 2013; geo_loc_name : USA; isolation_source : culture; lat_lon : NA; serotype : O45; host : Bos taurus	Escherichia coli	99.17	GCA_000010385.1	90.63	claderef	Escherichia coli	87.8	species_match	category_na	OK	na	99.17	GCA_000010385.1	90.63	claderef	Escherichia coli SE11	87.8	Escherichia coli	Escherichia coli	97.08	5.0539527	0.23	Escherichia coli	species	562	v1.2.2	SAMN41050886	NA	2013	NA	Escherichia coli	562	Pathogen: environmental/food/other sample from Escherichia coli	USA	Bos taurus	NA	culture	2024-04-24T11:59:30Z	NA	NA	The University of Texas at San Antonio	PRJNA935790	TRUE	bovine	NA	NA
GCF_039912475.1	Complete Genome	UTAK-5	strain : UTAK-5; collected_by : NA; collection_date : 2013; geo_loc_name : USA; isolation_source : culture; lat_lon : NA; serotype : O45; host : Bos taurus	Escherichia coli	99.17	GCA_000010385.1	87.8	claderef	Escherichia coli	87.81	species_match	category_na	OK	na	99.17	GCA_000010385.1	87.8	claderef	Escherichia coli SE11	87.81	Escherichia coli	Escherichia coli	98.53	23.638332	0.46	Escherichia coli	species	562	v1.2.2	SAMN41050885	NA	2013	NA	Escherichia coli	562	Pathogen: environmental/food/other sample from Escherichia coli	USA	Bos taurus	NA	culture	2024-04-24T11:59:30Z	NA	NA	The University of Texas at San Antonio	PRJNA935790	TRUE	bovine	NA	NA
GCF_039912505.1	Complete Genome	UTAK-2	strain : UTAK-2; collected_by : NA; collection_date : 2012; geo_loc_name : USA; isolation_source : culture; lat_lon : NA; serotype : O45; host : Bos taurus	Escherichia coli	99.03	GCA_000010385.1	80.34	claderef	Escherichia coli	88.53	species_match	category_na	OK	na	99.03	GCA_000010385.1	80.34	claderef	Escherichia coli SE11	88.53	Escherichia coli	Escherichia coli	96.54	3.6041987	0.88	Escherichia coli	species	562	v1.2.2	SAMN41050902	NA	2012	NA	Escherichia coli	562	Pathogen: environmental/food/other sample from Escherichia coli	USA	Bos taurus	NA	culture	2024-04-24T11:59:33Z	NA	NA	The University of Texas at San Antonio	PRJNA935790	TRUE	bovine	NA	NA
GCF_039912655.1	Complete Genome	UTAK-1	strain : UTAK-1; collected_by : NA; collection_date : 2012; geo_loc_name : USA; isolation_source : culture; lat_lon : NA; serotype : O45; host : Bos taurus	Escherichia coli	99.55	GCA_000263895.1	85.7	claderef	Escherichia coli	92.55	species_match	category_na	OK	na	99.55	GCA_000263895.1	85.7	claderef	Escherichia coli O103:H25 str. CVM9340	92.55	Escherichia coli	Escherichia coli	98.79	34.241722	0.29	Escherichia coli	species	562	v1.2.2	SAMN41050883	NA	2012	NA	Escherichia coli	562	Pathogen: environmental/food/other sample from Escherichia coli	USA	Bos taurus	NA	culture	2024-04-24T11:59:32Z	NA	NA	The University of Texas at San Antonio	PRJNA935790	TRUE	bovine	NA	NA
GCF_040215525.1	Complete Genome	B1	collection_date : 2020-05-01; geo_loc_name : China:Tongliao; sample_type : whole organism; isolate : missing; isolation_source : feces; host : calf; strain : B1	Escherichia coli	98.52	GCA_000019645.1	82.27	claderef	Escherichia coli	88.04	species_match	category_na	OK	na	98.52	GCA_000019645.1	82.27	claderef	Escherichia coli SMS_3_5	88.04	Escherichia coli	Escherichia coli	99.16	62.869778	2.39	Escherichia coli	species	562	v1.2.2	SAMN41698141	NA	2020-05-01	NA	Escherichia coli	562	Microbe sample from Escherichia coli	China:Tongliao	calf	NA	feces	2024-06-11T13:55:04Z	NA	NA	Inner Mongolia Minzu University	PRJNA1120505	TRUE	bovine	NA	NA
GCF_040215555.1	Complete Genome	800	collection_date : 2020-05-01; geo_loc_name : China:TongLiao; sample_type : whole organism; isolate : missing; isolation_source : feces; host : calf; strain : 800	Escherichia coli	99.27	GCA_000210475.1	90.12	claderef	Escherichia coli	83.26	species_match	category_na	OK	na	99.27	GCA_000210475.1	90.12	claderef	Escherichia coli ETEC H10407	83.26	Escherichia coli	Escherichia coli	97.9	10.122587	0.44	Escherichia coli	species	562	v1.2.2	SAMN41698215	NA	2020-05-01	NA	Escherichia coli	562	Microbe sample from Escherichia coli	China:TongLiao	calf	NA	feces	2024-06-11T14:00:46Z	NA	NA	INNER MONGOLIA MINZU UNIVERSITY	PRJNA1120506	TRUE	bovine	NA	NA
GCF_043950225.1	Complete Genome	TC24	strain : TC24; isolation_source : feces; host : Bos taurus; collected_by : Degrace Batantou; collection_date : 2021-07-12; geo_loc_name : Guadeloupe; purpose_of_sampling : environmental assessment; source_type : animal	Escherichia coli	98.87	GCA_000210475.1	79.17	claderef	Escherichia coli	81.54	species_match	category_na	OK	na	98.87	GCA_000210475.1	79.17	claderef	Escherichia coli ETEC H10407	81.54	Escherichia coli	Escherichia coli	99	49.511856	4.28	Escherichia coli	species	562	v1.2.3	SAMN44063757	Degrace Batantou	2021-07-12	NA	Escherichia coli	562	One Health Enteric sample from Escherichia coli	Guadeloupe	Bos taurus	NA	feces	2024-10-07T08:08:15Z	NA	NA	Institut Pasteur de la Guadeloupe	PRJNA1167755	TRUE	bovine	NA	NA
